/*
 Navicat Premium Data Transfer

 Source Server         : mysql
 Source Server Type    : MySQL
 Source Server Version : 50722
 Source Host           : localhost:3306
 Source Schema         : xiaoxin_notes

 Target Server Type    : MySQL
 Target Server Version : 50722
 File Encoding         : 65001

 Date: 28/01/2021 12:30:02
*/

SET NAMES utf8mb4;
SET FOREIGN_KEY_CHECKS = 0;

-- ----------------------------
-- Table structure for t_adpic
-- ----------------------------
DROP TABLE IF EXISTS `t_adpic`;
CREATE TABLE `t_adpic`  (
  `id` int(11) NOT NULL AUTO_INCREMENT COMMENT 'id',
  `model` varchar(7) CHARACTER SET utf8mb4 COLLATE utf8mb4_general_ci NULL DEFAULT NULL COMMENT '模块',
  `img` varchar(255) CHARACTER SET utf8mb4 COLLATE utf8mb4_general_ci NULL DEFAULT NULL COMMENT '图片地址',
  `title` varchar(255) CHARACTER SET utf8mb4 COLLATE utf8mb4_general_ci NULL DEFAULT NULL COMMENT '标题',
  `uptime` datetime(0) NULL DEFAULT NULL COMMENT '开始时间',
  `downtime` datetime(0) NULL DEFAULT NULL COMMENT '下架时间',
  `ordernum` int(11) NULL DEFAULT NULL COMMENT '排序',
  PRIMARY KEY (`id`) USING BTREE
) ENGINE = InnoDB AUTO_INCREMENT = 8 CHARACTER SET = utf8mb4 COLLATE = utf8mb4_general_ci ROW_FORMAT = Dynamic;

-- ----------------------------
-- Records of t_adpic
-- ----------------------------
INSERT INTO `t_adpic` VALUES (1, 'home', 'home/top-view/1.jpg', 'home 轮播图1', '2021-01-14 09:37:55', '2021-01-14 09:37:57', 0);
INSERT INTO `t_adpic` VALUES (3, 'home', 'home/top-view/2.jpg', 'home 轮播图2', '2021-01-14 09:40:44', '2021-01-14 09:40:46', 1);
INSERT INTO `t_adpic` VALUES (4, 'home', 'home/top-view/3.jpg', 'hoem 轮播图3', '2021-01-14 11:13:44', '2021-01-14 11:13:46', 0);
INSERT INTO `t_adpic` VALUES (5, 'adpic', 'adpic/main/1.png', '首页轮播广告', '2021-01-24 10:00:22', '2021-01-24 10:00:24', 0);
INSERT INTO `t_adpic` VALUES (6, 'adpic', 'adpic/main/2.png', '首页轮播广告', '2021-01-24 10:00:22', '2021-01-24 10:00:24', 0);
INSERT INTO `t_adpic` VALUES (7, 'adpic', 'adpic/main/3.png', '首页轮播广告', '2021-01-24 10:00:22', '2021-01-24 10:00:24', 0);

-- ----------------------------
-- Table structure for t_ariticle
-- ----------------------------
DROP TABLE IF EXISTS `t_ariticle`;
CREATE TABLE `t_ariticle`  (
  `id` int(11) NOT NULL AUTO_INCREMENT,
  `title` varchar(50) CHARACTER SET utf8mb4 COLLATE utf8mb4_general_ci NULL DEFAULT NULL COMMENT '标题',
  `summary` varchar(255) CHARACTER SET utf8mb4 COLLATE utf8mb4_general_ci NULL DEFAULT NULL COMMENT '文章摘要',
  `content` longtext CHARACTER SET utf8mb4 COLLATE utf8mb4_general_ci NULL COMMENT '文章内容',
  `author` varchar(50) CHARACTER SET utf8mb4 COLLATE utf8mb4_general_ci NULL DEFAULT NULL COMMENT '作者',
  `browse_num` int(11) NOT NULL DEFAULT 0 COMMENT '浏览数',
  `like_num` int(11) NOT NULL DEFAULT 0 COMMENT '点赞数',
  `comment_num` int(11) NOT NULL DEFAULT 0 COMMENT '评论数',
  `create_time` datetime(0) NULL DEFAULT NULL COMMENT '创建时间',
  `update_time` datetime(0) NULL DEFAULT NULL COMMENT '更新时间',
  `publish_time` datetime(0) NULL DEFAULT NULL COMMENT '发布时间',
  `is_del` int(1) NOT NULL DEFAULT 0 COMMENT '删除状态 0->未删除 1->已删除',
  `is_publish` int(1) NULL DEFAULT NULL COMMENT '发布状态 0->未发布 1->已发布',
  `type` int(1) NULL DEFAULT NULL COMMENT '类型 0->转载 1->原文 2->翻译',
  `original_link` varchar(255) CHARACTER SET utf8mb4 COLLATE utf8mb4_general_ci NULL DEFAULT NULL COMMENT '原文链接',
  `user_id` int(11) NULL DEFAULT NULL COMMENT '用户id',
  PRIMARY KEY (`id`) USING BTREE
) ENGINE = InnoDB AUTO_INCREMENT = 47 CHARACTER SET = utf8mb4 COLLATE = utf8mb4_general_ci COMMENT = '文章表' ROW_FORMAT = Dynamic;

-- ----------------------------
-- Records of t_ariticle
-- ----------------------------
INSERT INTO `t_ariticle` VALUES (5, '习近平将出席世界经济论坛“达沃斯议程”对话会', '习近平将出席世界经济论坛“达沃斯议程”对', '习近平将出席世界经济论坛“达沃斯议程”对话会', 'admin', 0, 0, 0, '2021-01-20 11:40:13', NULL, '2021-01-19 21:29:51', 0, 1, 0, 'https://www.toutiao.com/a6919402162296455688/', 25);
INSERT INTO `t_ariticle` VALUES (7, '美国新增新冠确诊超22万例，累计确诊超2370万例', '美国新增新冠确诊超22万例', '<header><p>人民日报客户端&nbsp;<time>2021-01-17 12:05</time></p></header><p><br></p><article><p>据美国约翰斯·霍普金斯大学发布的全球新冠肺炎数据实时统计系统，截至美国东部时间1月16日晚6时，全美共报告新冠肺炎确诊23707002例，死亡395195例。过去24小时，美国新增确诊228333例，新增死亡3916例。</p><p>据美国有线电视新闻网统计，美国已连续11天记录了每天超过20万例新病例。在1月的前15天内，美国报告了46240例新冠死亡病例，接近12月总死亡病例的60%。如果趋势没有变化，这将使1月成为美国新冠死亡人数最多的月份。华盛顿大学卫生计量与评估研究所的预测显示，到5月1日美国的新冠肺炎总死亡病例将达566720例。来自英国的变种新冠病毒已在全美12个州发现。</p></article>', 'admin', 0, 0, 0, '2021-01-20 11:40:23', NULL, '2021-01-20 11:33:10', 0, 1, 0, 'https://t.m.youth.cn/transfer/toutiao/url/news.youth.cn/gj/202101/t20210117_12668197.htm?tt_group_id=6918576281743262215', 25);
INSERT INTO `t_ariticle` VALUES (8, '潮头观澜 | 开往未来的冬奥列车', '2019年底，连接北京冬奥会两个举办地的京张高铁开通运营。', '<p>2019年12月30日，G2505次列车驶入京张高铁张家口站。新华社记者 杨世尧 摄</p><p>2021年伊始，1月19日，习近平总书记乘坐列车，考察北京冬奥会筹办工作。</p><p>列车飞驰，满载着总书记的嘱托和人民对未来的希望。</p><p><strong>驶向冬奥：稳步迈进的筹办工作</strong></p><p>跟随习近平总书记的足迹，我们看到，冬奥会筹办正以稳健的步伐向前迈进。</p><p>肖祯是北京一家互联网公司的员工，酷爱滑雪，据她介绍，以前去崇礼滑雪都是搭别人的车或乘大巴，路程4到5小时。京张高铁开通后，从北京到崇礼的时间缩短为1小时，肖祯第一次尝试坐高铁去滑雪。</p><p>在北京冬奥会上，来自全世界的运动员都可以乘着这趟列车，往返于各个赛区之间，在冬奥赛场感受真真切切的中国速度。</p><p><img src=\"https://p1-tt.byteimg.com/origin/pgc-image/8f5afa72060946439d22e68ad3765fcb?from=pc\" alt=\"潮头观澜 | 开往未来的冬奥列车\"></p><p><br></p><p>京张高铁开通运营之际，习近平总书记作出重要指示强调，京张高铁是北京冬奥会的重要配套工程，其开通运营标志着冬奥会配套建设取得了新进展，其他各项筹备工作也都要高标准、高质量推进，确保冬奥会如期顺利举办。</p><p>在距离冬奥会开幕越来越近之时，北京冬奥会的各项筹办成果也一项接着一项地在公众面前亮相。</p><p><img src=\"https://p3-tt.byteimg.com/origin/pgc-image/6c10b5ce1a85402bb2d69d16e9f342cf?from=pc\" alt=\"潮头观澜 | 开往未来的冬奥列车\"></p><p><br></p><p>在海拔2198米、赛道最大坡度达68度，堪称“极限地带”的小海陀山，国家高山滑雪中心建设经过团队成员的不懈奋斗宣告完成。</p><p>距离北京奥运会标志性建筑“鸟巢”不远处，以“智慧场馆”为特色的国家速滑馆“冰丝带”拔地而起。</p><p>国家雪车雪橇中心是我国首条雪车雪橇项目赛道，也是全球第一条360度回旋赛道，建设过程填补了国内多项技术空白。</p><p>国家跳台滑雪中心“雪如意”结合中国古代“如意”造型，实现了建筑设计和中国传统文化的有机结合。</p><p>北京冬奥组委、两地政府联合场馆业主单位和参建方深入贯彻习近平总书记重要指示精神，在2020年坚持疫情防控与冬奥筹办两手抓、两不误，全力推进场馆和基础设施建设。2020年底，北京冬奥会所有竞赛场馆按计划全面完工。</p><p>如同飞驰的京张高铁列车，冬奥筹办工作又一次彰显中国速度。</p><p><br></p><p><strong>驶向幸福：本地发展硕果累累</strong></p><p>跟随习近平总书记的足迹，我们看到，越来越多的百姓生活，因冬奥而改变。</p><p>崇礼四台嘴乡营岔村村民赵春新和妻子早年在北京打工，年纪渐长，决定返回家乡。“先在雪场雪具大厅干过一年，冬奥核心区的太子城冰雪小镇项目开工后，就来这当保安。”赵春新说，妻子在太舞雪场上班，有五险一金，儿子在冬奥配套工程开车，现在日子没啥愁的。</p><p>目前，崇礼直接或间接从事冰雪产业和旅游服务人员已达3万多人，其中贫困人口就有9000多人。</p><p><img src=\"https://p6-tt.byteimg.com/origin/pgc-image/1e135de6a5364b73b9f0d30387dbf1f6?from=pc\" alt=\"潮头观澜 | 开往未来的冬奥列车\"></p><p><br></p><p>2016年，习近平总书记在中南海主持召开会议，专题听取北京冬奥会、冬残奥会筹办工作情况汇报。他指出，要把筹办冬奥会、冬残奥会作为推动京津冀协同发展的重要抓手，下大气力推动体制创新、机制创新、管理创新和政策创新，推动交通、环境、产业等领域协同发展先行先试，重点突破，以点带面，为全面实施京津冀协同发展战略起到引领作用。</p><p>在冬奥会的前景驱动下，京张地区在交通、生态、产业等领域务实合作，崇礼人捧起家门口的“雪饭碗”，2019年5月，崇礼脱贫摘帽。</p><p>两届奥运见证了百年首钢的变迁。北京西郊的首钢园区内，曾用来储存炼铁原料的筒仓，变作北京冬奥组委办公区；曾经的精煤车间，变作国家冬季运动训练中心；矗立在群明湖畔的原首钢冷却塔，将见证北京冬奥会滑雪大跳台比赛的精彩……</p><p><img src=\"https://p1-tt.byteimg.com/origin/pgc-image/370e53a11b6f435c8bff02c8e4c4d806?from=pc\" alt=\"潮头观澜 | 开往未来的冬奥列车\"></p><p><br></p><p>北京奥运会前后，首钢搬离北京，为“还首都一片蓝天”作出了贡献。这座百年工业遗产，因冬奥会实现了火与冰的转换，正在成为冰雪运动新地标。</p><p>因为冬奥的到来，人民群众的获得感、幸福感、安全感不断增强，列车正驶向幸福远方。</p><p><strong>驶向世界：奥林匹克运动的中国贡献</strong></p><p>跟随习近平总书记的足迹，我们看到，中国正在奥林匹克运动历史画卷上，描画越来越绚丽的色彩。</p><p>“用张北的风点亮北京的灯”，在张北柔性直流工程现场，这一颇具诗意的口号格外醒目。该工程是世界上首个输送大规模风电、光伏、抽水蓄能等多种能源的四端柔性直流电网，将把张家口地区的清洁能源输送到北京，助力北京冬奥会成为奥运历史上第一次全部使用绿色清洁电力的奥运会。</p><p><img src=\"https://p1-tt.byteimg.com/origin/pgc-image/dcf28d73ffc645319551954e70ab6ead?from=pc\" alt=\"潮头观澜 | 开往未来的冬奥列车\"></p><p><br></p><p>张家口市张北县大河乡国家风光储输示范基地的光伏发电站和风电场遥相呼应（9月15日无人机拍摄）。新华社记者杨世尧摄</p><p>以北京冬奥会筹办为契机，中国将对奥林匹克事业作出越来越多的贡献。</p><p>北京冬奥会是第一届从申办、筹办到举办全过程践行《奥林匹克2020议程》的奥运会。北京积极为奥林匹克运动创新提供“北京方案”，将成为国际奥林匹克赛事筹办的新标杆。</p><p><img src=\"https://p6-tt.byteimg.com/origin/pgc-image/2461a98f325643eda81df39f41b00058?from=pc\" alt=\"潮头观澜 | 开往未来的冬奥列车\"></p><p><br></p><p>最大化利用现有场馆和设施是北京冬奥筹办工作中的一大亮点。44个冬奥场馆和设施中，结合本次冬奥筹办需要而建设的场馆和设施只有7个，占总数的16%。</p><p>借助本届冬奥会，鸟巢、五棵松、首都体育馆、国家体育馆等场馆都升格为“双奥场馆”。“水立方”成为世界首座完成“冰水转换”的场馆，改造中最大的难点在于保留水上功能的基础上，新增冰上功能，实现水立方与“冰立方”的互换。这种转换模式不仅实现了“水立方”与“冰立方”互换，还实现了转换材料重复利用，大幅降低后期拆除改造成本，成为奥运场馆“反复利用、综合利用、持久利用”的典范。</p><p>冬奥组委可持续发展处处长刘新平说：“地域的特殊性、业务的开创性使得冬奥会的可持续性工作没有参考答案。不光赛区和场馆建设单位是第一次接到这样的任务，我们自己也是头一回。这是奥运会历史上第一次把所有相关业务领域都融入可持续性管理体系范围内运行。”</p><p><img src=\"https://p1-tt.byteimg.com/origin/pgc-image/68db5f819d284c8bb5262b143d524fdc?from=pc\" alt=\"潮头观澜 | 开往未来的冬奥列车\"></p><p><br></p><p>北京携手张家口申办冬奥会成功后不久，习近平主席在会见国际奥委会主席巴赫时指出，2022年冬奥会在北京举办，是中国体育和经济社会发展同世界奥林匹克运动发展开创双赢局面的重要契机，也将进一步激发中国民众对奥林匹克运动的热情，带动更多中国人关心、热爱、参与冰雪运动，为奥林匹克运动发展和奥林匹克精神传播作出积极贡献。我们将全面兑现在申冬奥过程中的每一项承诺，为世界奉献一届精彩、非凡、卓越的冬奥会。</p><p>站在“两个一百年”奋斗目标的历史交汇点，北京冬奥会也迎来筹办冲刺阶段。中国正积极践行对国际奥林匹克大家庭的庄严承诺，确保把北京冬奥会办成一届精彩、非凡、卓越的奥运盛会。</p><p><br></p><p>出品人：赵承、许基仁</p><p>策划：周杰、霍小光</p><p>统筹：车玉明、张晓松、王绚</p><p>主笔：苏斌、林德韧、肖世尧</p><p>视觉／编辑：吴晶晶、王秋韵</p><p>新华社国内部 体育部联合出品</p>', 'admin', 0, 0, 0, '2021-01-20 14:34:30', NULL, '2021-01-20 14:34:30', 0, 1, 0, 'https://www.toutiao.com/a6919458426070385155/', 25);
INSERT INTO `t_ariticle` VALUES (10, '吉林省松原市新增2例确诊病例 系无症状感染者转归', '1月20日0—10时，吉林省松原市新增2例本土确诊病例，均系定点医院隔离观察的无症状感染者（2号和3号）转为确诊病例。', '<p>2121<span style=\"font-size: 1em;\">环球时报2021-01-20 14:33:13</span></p><article><p><img src=\"https://p3-tt.byteimg.com/origin/pgc-image/c4df925a00774a7589ef23467253d9a1?from=pc\" alt=\"吉林省松原市新增2例确诊病例 系无症状感染者转归\"></p><p><br></p><p>1月20日0—10时，吉林省松原市新增2例本土确诊病例，均系定点医院隔离观察的无症状感染者（2号和3号）转为确诊病例。</p><p>提醒广大群众，如您是从黑龙江省绥化市望奎县及国内中高风险地区返（来）松人员，或是与无症状感染者有接触的人员，应主动向当地社区（村屯）报告，同时配合进行管控与核酸检测。一旦出现发热、咳嗽等急性呼吸道症状，请佩戴医用口罩及时到当地定点医疗机构发热门诊就诊。</p><p>（来源：央视新闻客户端）</p></article><p><br></p><p><i></i></p><br>', 'admin', 0, 0, 0, '2021-01-20 14:36:38', NULL, '2021-01-20 14:36:38', 0, 1, 1, 'https://www.toutiao.com/i6919725260649054733/', 25);
INSERT INTO `t_ariticle` VALUES (11, '办好冬奥会，总书记反复强调这个理念', '办好冬奥会', '<article><p>【学习进行时】举办北京冬奥会、冬残奥会来之不易、意义重大。对冬奥会的筹办工作，习近平总书记一直高度重视、强力部署。新华社《学习进行时》为您梳理总书记的相关重要论述，和您一同领悟其中不变的理念。</p><p><img src=\"https://p3-tt.byteimg.com/origin/pgc-image/9c8b04f63dc0481c9c144adae06c9f80?from=pc\" alt=\"办好冬奥会，总书记反复强调这个理念\"></p><p><br></p><h1>　　绿色、共享、开放、廉洁的办奥理念</h1><p>　　绿色、共享、开放、廉洁的办奥理念，是新发展理念在北京冬奥会筹办工作中的体现，要贯穿筹办工作全过程。绿色办奥，就要坚持生态优先、资源节约、环境友好，为冬奥会打下美丽中国底色。共享办奥，就要坚持共同参与、共同尽力、共同享有，使冬奥会产生良好社会效应。开放办奥，就要坚持面向世界、面向未来、面向现代化，使冬奥会成为对外开放的助推器。廉洁办奥，就要勤俭节约、杜绝腐败、提高效率，坚持对兴奋剂问题零容忍，把冬奥会办得像冰雪一样纯洁无瑕。</p><p>　　——2017年2月23日至24日，在北京考察时强调</p><p>　　筹办好北京冬奥会、冬残奥会，意义重大，责任重大。要增强使命感、责任感，认真落实创新、协调、绿色、开放、共享的发展理念，坚持绿色办奥、共享办奥、开放办奥、廉洁办奥，高标准、高质量完成各项筹办任务，把北京冬奥会、冬残奥会办成一届精彩、非凡、卓越的奥运盛会，向祖国人民、向国际社会交上一份满意答卷。</p><p>　　——2016年3月18日，听取北京冬奥会冬残奥会筹办工作情况汇报时强调</p><h1>　　绿色</h1><p>　　场馆建设是办好北京冬奥会、冬残奥会的重中之重。要坚持奥运标准，倒排工期，有序推进场馆新建、改造和重大配套基础设施建设，确保按期保质完工并投入使用。要突出科技、智慧、绿色、节俭特色，注重运用先进科技手段，严格落实节能环保要求，保护生态环境和文物古迹，展示中国风格。</p><p>　　——2019年2月1日，在北京看望慰问基层干部群众时强调</p><p>　　场馆和基础设施建设是筹办工作的重中之重，周期长、任务重、要求高，要加快工作进度，充分考虑赛事需求和赛后利用，充分利用现有场馆设施，注重利用先进科技手段，注重实用、保护生态，坚持节约原则，不搞铺张奢华，不搞重复建设。</p><p>　　——2016年3月18日，听取北京冬奥会冬残奥会筹办工作情况汇报时强调</p><h1>　　共享</h1><p>　　我们申办北京冬奥会，一个重要目的就是推动我国冰雪运动快速进步，推动全民健身广泛开展。我们提出，要努力带动更多人参与冰雪运动，北京冬奥会是一个重要推动，对冰雪运动产业也是一个重要导向。</p><p>　　——2017年1月23日，在张家口市考察冬奥会筹办工作时强调</p><p>　　要把筹办冬奥会、冬残奥会作为推动京津冀协同发展的重要抓手，下大气力推动体制创新、机制创新、管理创新和政策创新，推动交通、环境、产业等领域协同发展先行先试，重点突破，以点带面，为全面实施京津冀协同发展战略起到引领作用。要发挥北京冬奥会、冬残奥会筹办对城市发展的促进作用，落实首都城市战略定位，进一步发挥北京对京津冀区域发展的辐射带动作用。</p><p>　　——2016年3月18日，听取北京冬奥会冬残奥会筹办工作情况汇报时强调</p><h1>　　开放</h1><p>　　全民健身运动的普及和参与国际体育合作的程度，也是一个国家现代化程度的重要标志。中华人民共和国建立70年来，中国人民的健康素质有了很大提高。中国从过去未能参加奥运会，到现在已成为许多奥运项目中的佼佼者，这是中国国运国力发展的重要体现。普及冰雪运动，增强人民体质与中国实现“两个一百年”奋斗目标也是契合的。举办北京冬奥会还将为中国加强体育国际合作提供新的机会。</p><p>　　——2019年1月31日，会见国际奥委会主席巴赫时强调</p><p>　　要广泛开展对外人文交流，讲好中国故事，传播好中国声音。要主动同国际体育组织合作，听取场馆建设、赛事组织、人才培养等方面的建议，积累办赛经验。</p><p>　　——2016年3月18日，听取北京冬奥会冬残奥会筹办工作情况汇报时强调</p><h1>　　廉洁</h1><p>　　中国政府对使用兴奋剂持“零容忍”态度，我提倡中国运动员哪怕不拿竞技场上的金牌，也一定要拿一个奥林匹克精神的金牌，拿一个遵纪守法的金牌，拿一个干净的金牌。中国将坚定主办一届像冰雪一样干净、纯洁的冬奥会。</p><p>　　——2019年1月31日，会见国际奥委会主席巴赫时强调</p><p>　　坚持廉洁办奥，严格预算管理，控制办奥成本，强化过程监督，让冬奥会像冰雪一样纯洁干净。</p><p>　　——2015年11月，对办好北京冬奥会作出重要指示强调</p></article><p><br></p><p><br></p><p><i></i></p>', 'zz', 0, 0, 0, '2021-01-20 14:37:12', NULL, '2021-01-20 14:37:12', 0, 1, 0, 'https://www.toutiao.com/a6919062495537807884/', 24);
INSERT INTO `t_ariticle` VALUES (12, '习近平冬奥行丨走进京张高铁太子城站', '京张高铁是冬奥会重要交通保障设施，是世界上首条最高设计时速350公里的高寒、大风沙环境高速铁路，也是我国首次采用北斗卫星导航系统的智能化高速铁路。太子城站是世界上首个直通奥运赛场的高铁站。', '<p>原创央视新闻2021-01-19 18:31:22</p><article><p>2021年1月19日，习近平总书记乘火车沿京张高铁抵达河北省张家口市，考察京张高铁太子城站。</p><p><br></p><p><xg-poster></xg-poster><xg-start></xg-start></p><p><path></path></p><p><br></p><p>京张高铁是冬奥会重要交通保障设施，是世界上首条最高设计时速350公里的高寒、大风沙环境高速铁路，也是我国首次采用北斗卫星导航系统的智能化高速铁路。太子城站是世界上首个直通奥运赛场的高铁站。</p><p><br></p><p><img src=\"https://p3-tt.byteimg.com/origin/pgc-image/7C30DD44DDCEBB63964644FD599EADED?from=pc\" alt=\"习近平冬奥行丨走进京张高铁太子城站\"></p><p><br></p><p>1909年，京张铁路建成；2019年，京张高铁通车。从自主设计修建零的突破到世界最先进水平，从时速35公里到350公里，京张线见证了中国铁路的发展，也见证了中国综合国力的飞跃。</p><p>&nbsp;</p><p>监制丨申勇</p><p>策划丨史伟 贾林</p><p>记者丨赵化 范凯 魏子钧 杨新禹</p><p>制作丨侯瑞杰 樊振泽</p><p>统筹丨王小节 马亚阳 张晓鹏 郑英民 朱世松</p><p>资料丨总台体育青少节目中心</p></article>', 'zz', 0, 0, 0, '2021-01-20 14:37:16', NULL, '2021-01-20 14:37:16', 0, 1, 2, 'https://www.toutiao.com/a6919416866947465736/', 24);
INSERT INTO `t_ariticle` VALUES (13, '总书记为他们竖起了大拇指', '总书记这样竖起大拇指点赞的瞬间，', '<p>2021年1月19日，</p><p>习近平总书记来到河北省张家口市</p><p>考察冬奥会、冬残奥会筹办工作，</p><p>其间观看了运动员训练演示，</p><p>高兴地竖起了大拇指，</p><p>为他们点赞。</p><p><br></p><p>总书记这样竖起大拇指点赞的瞬间，</p><p>还有哪些？</p><p>一起看↓</p><p><img src=\"https://p6-tt.byteimg.com/origin/pgc-image/eb5d28dda6be4a02a334516b31ea75bf?from=pc\" alt=\"总书记为他们竖起了大拇指\"></p><p><br></p><p><img src=\"https://p3-tt.byteimg.com/origin/pgc-image/6e829a43a6ee4c1d9adb0f5e9e384d56?from=pc\" alt=\"总书记为他们竖起了大拇指\"></p><p><br></p><p><img src=\"https://p1-tt.byteimg.com/origin/pgc-image/ea07c05079f84759aa1338557aa6462d?from=pc\" alt=\"总书记为他们竖起了大拇指\"></p><p><br></p><p><img src=\"https://p3-tt.byteimg.com/origin/pgc-image/79446fa996124e80b8f5f2420c7d1ca4?from=pc\" alt=\"总书记为他们竖起了大拇指\"></p><p><br></p><p><img src=\"https://p1-tt.byteimg.com/origin/pgc-image/3cfc1cda3f014b01bce99f5a39c21540?from=pc\" alt=\"总书记为他们竖起了大拇指\"></p><p><br></p><p><img src=\"https://p1-tt.byteimg.com/origin/pgc-image/f0e1c674f7fb4c37be63792d1cd951c7?from=pc\" alt=\"总书记为他们竖起了大拇指\"></p><p><br></p><p><img src=\"https://p1-tt.byteimg.com/origin/pgc-image/d09ada29796e45ddb67aa78927c650e6?from=pc\" alt=\"总书记为他们竖起了大拇指\"></p><p><br></p><p><img src=\"https://p6-tt.byteimg.com/origin/pgc-image/dfc6f995a2c34c82a5dc5bda2df3e0d4?from=pc\" alt=\"总书记为他们竖起了大拇指\"></p><p><br></p><p>监制/徐冰</p><p>主编/王兴栋</p><p>编辑制图/李婷婷</p><p>校对/高少卓</p>', 'admin', 0, 0, 0, '2021-01-23 10:29:04', NULL, '2021-01-23 10:29:04', 0, 1, 0, 'https://www.toutiao.com/a6920434728487141901/', 25);
INSERT INTO `t_ariticle` VALUES (14, '电视专题片《正风反腐就在身边》第二集：《守护民生》', '人民对美好生活的向往，就是我们党的奋斗目标。对于人民来说，美好生活不是一个抽象概念，而是一件件具体的事情，一个个具体的愿景。全面建成小康社会的出发点和落脚点，就是要满足人民在就业、收入、教育、医疗、住房、养老，以及民主、法治、公平、正义、安全、环境等各方面一个个具体的需求和向往，让发展成果更多更公平地惠及全体人民。', '<article><p><strong>央视网消息：</strong>人民对美好生活的向往，就是我们党的奋斗目标。对于人民来说，美好生活不是一个抽象概念，而是一件件具体的事情，一个个具体的愿景。全面建成小康社会的出发点和落脚点，就是要满足人民在就业、收入、教育、医疗、住房、养老，以及民主、法治、公平、正义、安全、环境等各方面一个个具体的需求和向往，让发展成果更多更公平地惠及全体人民。</p><p>　　民生工作离老百姓最近，同老百姓生活最密切。各级纪检监察机关认真落实党中央决策部署，坚持以人民为中心的政治立场，推动各地区各部门各单位结合实际解决好与群众利益息息相关的问题，让群众感受到全面从严治党就在身边、纪检监察就在身边、正风反腐就在身边。</p><p>　　农民工群体是一支新型劳动大军，一头连着城市，一头连着农村，务工收入是许多家庭的收入大头，也是他们脱贫致富的重要支撑。截至2019年，我国有2.9亿农民工，其中约1.7亿需要离家务工。农民工工资能否及时支付、合法权益能否得到充分保障，关乎千家万户民生福祉，关乎社会大局和谐稳定，关乎如期实现全面小康。</p><p>　　2018年，浙江省玉环市纪委监委查处了一起严重侵害农民工权益的典型案件。案件的缘起，是在2016年8月，一名农民工来到当地纪委，对原玉环县城区劳动保障所所长吴福康进行实名举报。这名农民工说，他因为受了工伤，通过劳动保障所和企业进行仲裁调解，整个调解过程吴福康没有安排他和企业见过面，工伤赔偿款也是吴福康转交的，调解协议书上写着45000元，但实际给他的只有37000元，中间相差8000元，吴福康解释说是纸面上多写点给企业抵税用，但他认为是被吴福康贪污截留了。纪委迅速对这一线索展开核查。</p><p>　　<strong>孙婉琴（浙江省玉环市纪委监委工作人员）：</strong>跑到企业了解，企业跟吴福康讲的其实就是一样的，他说是抵税用的。</p><p>　　之所以出现这一情况，其实是因为这名农民工在举报前曾经到劳动保障所理论，惊动了吴福康，他私下把8000元还给了企业并和企业统一口径，双方一口咬定只赔了37000元。吴福康心里清楚，自己做过的事一旦暴露，后果严重，因此想方设法掩盖真相，对抗调查。</p><p><img src=\"https://p6-tt.byteimg.com/origin/pgc-image/7d054a369574424a9f7945741aa22efc?from=pc\" alt=\"电视专题片《正风反腐就在身边》第二集：《守护民生》\"></p><p><br></p><p>　　<strong>吴福康（原玉环县人力资源和社会保障局城区劳动保障所所长）：</strong>这两年时间，31个案件里面我赚了钱。企业赔了多少钱，我确实没告诉工人，我确实有隐瞒。</p><p>　　虽然调查一上来就遇到了障碍，但调查组注意到，吴福康在进行调解时多处违反了工作规定程序，感到事情应该没那么简单。</p><p>　　<strong>孙婉琴：</strong>赔偿书跟实际收款不一致的，这些都不符合规定的。民工的当事人和企业主不在当场调解，调解过程当中全部是吴福康一人，也不符合两个人以上参与调解的规定。</p><p>　　吴福康是否存在贪污受贿行为，调查组感到不能就此止步。玉环作为全国县域经济排名前列的工业强县，不到400平方公里的土地面积上有一万多家工业企业，务工人员尤其是外来农民工权益保护，是这座城市必须解决好的重点问题，对涉及侵害他们权益的问题线索不能轻易放过。调查组调取了吴福康近几年经办的几百起工伤和职业病仲裁调解案卷，逐一联系涉及的企业、工人，对赔偿金额进行核查。</p><p>　　<strong>梁国栋（浙江省玉环市纪委监委工作人员）：</strong>逐一电话（联系），确认有几起中间金额存在着更大的差距。我们也铁定这里面肯定存在着问题。</p><p>　　这些务工人员大部分来自全国四面八方，流动性很大，有些又去了别的城市务工，有些已经回了老家，为此，调查组远赴安徽、湖北、江西等六七个省份寻访相关务工人员，历时一年多，找到了多名当事人，获得了吴福康贪污截留的扎实证据。</p><p>　　<strong>梁国栋：</strong>我记得当时我们到江西去取证，有一人叫郑通楼，取证的时候他是二级尘肺，奄奄一息了，我们取证结束没过多久，他就过世了。工伤仲裁15万元，拿到手只有9万多元。</p><p>　　2018年，54岁的郑通楼因尘肺病去世。他和妻子孙巧枝是2001年离开江西农村老家去玉环打工的，希望多挣些钱，给女儿更好的生活环境和教育条件。郑通楼在一家汽车配件厂打工，他所在的工序粉尘严重，早年间企业又没有任何防护措施。到2014年，郑通楼病情越来越重，经鉴定为尘肺病三期，已构成二级伤残。</p><p><img src=\"https://p3-tt.byteimg.com/origin/pgc-image/a750ef4e58274d0ca2b78593258e03b9?from=pc\" alt=\"电视专题片《正风反腐就在身边》第二集：《守护民生》\"></p><p><br></p><p>　　<strong>孙巧枝（郑通楼妻子）：</strong>吃饭睡觉都戴着呼吸机。谈到赔偿的事情，那个厂里面还是不肯赔。虽然说我们在那里待了十几年了，公司后来理都不理，进都不让我们进去了。</p><p>　　治病很快花光了所有积蓄，还欠下了债，女儿那时上初三，因为家里实在困难也辍学回家了。</p><p>　　<strong>孙巧枝：</strong>不给钱我们也没有办法，老公在那边戴一个呼吸机那样等下去也不是个事，后来我们请了一个律师在那里搞，律师给我们搞一点钱回来。</p><p>　　律师告诉他们，劳动保障所所长吴福康会帮他们找企业仲裁调解。过了段时间，律师通知他们去领赔偿金，调解书和发票都写着15万元，给的现金却只有10万元，律师也是说相差部分是抵税用的，夫妻俩按约定给了律师10%代理费，拿到手的只有9万元。调查组联系了相关企业询问，企业表示交给吴福康的赔偿金确实是15万元，贪污截留事实得到了确证。</p><p>　　<strong>孙巧枝：</strong>其实少了5万块钱，这个我们自己心里也有数，我也没有告他或者怎么样，我老公他那个人也是一个老实人，他人病得那个样子，一直在说不是他帮我们要，我们还要不过来，他是这个意思。</p><p>　　调查组找到的不少务工人员，都经历了类似的辛酸。他们几乎都是收入低、生活贫困的社会群体，为了挣钱养家，不辞辛苦，在高风险环境下长期作业；当他们遭遇工伤，相关企业却推卸责任的时候，他们又面临着失业、治疗等重重生存压力，急需经济补偿。这种时候，劳动保障部门成了伤残工人和家人的希望，面对弱势群体的殷切期盼，本应为工人们雪中送炭，但吴福康却反而雪上加霜，从工人们的救命钱里吃差价。而且，吴福康并不是每个案子都敢截留，而是专门挑选家在外地、看起来为人朴实、不会质疑自己的务工人员下手。这样的行为，严重啃噬群众的获得感，侵蚀党执政的政治基础。当听了一个个务工人员讲述他们曾经遭遇的困境，调查组下定决心要还他们一个公道。</p><p>　　<strong>梁国栋：</strong>每个工人的诉苦，对我来说感触很深。他们受伤以后谋生手段可能也会受很大的影响，赔偿金额对他们来说很重要，一定要追到底，把这个赃款追到手返回给这些工伤人士。</p><p>　　调查组还注意到，不少务工人员都提到在他们和吴福康之间还有一个角色，就是代理律师。在吴福康调解的案件中有两个律师的名字频繁出现，一个叫雷继策，一个叫黄斗荣。调查表明，这两人其实既没有律师证，也没有基层法律服务工作者执业证，发现帮务工人员维权是条挣钱的路子，他们就经常守在医院门口打着律师的旗号招揽生意，实质上只是中间代理人，每一单收取赔偿款10%到20%的代理费。他们和吴福康相互串通，共同牟利。</p><p>　　<strong>梁国栋：</strong>我们在查办吴福康案件的过程中间发现了一个蛛丝马迹，就是说蛮多工伤方留下的号码居然就是这个野律师的号码。野律师能够充当吴福康的说客，如果（务工人员）一旦有疑义或者要问厂方什么之类的，他用野律师对他进行安抚跟劝解。</p><p>　　由于两人都不是真律师，帮工人要赔偿主要是依靠吴福康去和企业仲裁调解。他们因此经常给吴福康送超市卡、烟酒茶叶等礼品，和他搞好关系。</p><p><img src=\"https://p1-tt.byteimg.com/origin/pgc-image/0d7a17fd93294ecaa1ab731ea4c84e7e?from=pc\" alt=\"电视专题片《正风反腐就在身边》第二集：《守护民生》\"></p><p><br></p><p>　　<strong>雷继策（涉案人员）：</strong>没有证的话做这一行的话必须要认识当官的人，他是劳动所所长，不管什么事，像这个案件给他他就会处理掉。里面肯定有一个差价，这个很明白，抵税抵什么税。</p><p>　　对两人的调查证明，两人对吴福康截留赔偿款早就心知肚明，反而在务工人员面前为吴福康“抵税”的说法背书。吴福康也需要这样的人从中沟通配合，打消务工人员的疑问。赔偿款下来了，两人能拿到代理费，吴福康能从中截留，双方都得利。</p><p>　　<strong>吴福康（原玉环县人力资源和社会保障局城区劳动保障所所长）：</strong>他要求10万（元），我跟企业谈了15万（元）。我当时就在想，我这个就好像做生意一样，他们要求多少钱，我达到他们的要求，我就在这其中赚取差额，赚了一点点意思意思。</p><p>　　吴福康身为公职人员，却把职责做成了生意，对待务工人员和厂方，他各有一套生意经。在务工人员这边，吴福康尽量压低他们的期待，说服他们以较低的金额接受调解。而在厂方那边，吴福康则把赔偿金往高里谈。用这样的模式，他从31个务工人员的工伤赔偿款中共计截留了29万多元。</p><p>　　<strong>梁国栋：</strong>作为公职人员，吴福康有这样的行为，性质其实比较恶劣。我们留置的时候很多人得知这个事情都拍手称好。能够获得企业方跟工伤人员多方的认同也是我们执法执纪者最终想达到的心愿吧。</p><p>　　2019年，浙江省玉环市人民法院对此案公开宣判，不少务工人员专程赶来旁听。吴福康因贪污罪、受贿罪被判处有期徒刑三年四个月，并处罚金40万元，同时追缴款项32.54万元。追回的赔偿金，被一一送到了当事人手中。</p><p><img src=\"https://p6-tt.byteimg.com/origin/pgc-image/bbb4e1f5266448c3913e1c43a2d94d33?from=pc\" alt=\"电视专题片《正风反腐就在身边》第二集：《守护民生》\"></p><p><br></p><p>　　<strong>孙巧枝：</strong>那个钱去年给我们打过来了，5万块钱。谢谢纪委帮我们找过来，不是纪委帮我们找过来，我们这个钱肯定就拿不到了。</p><p>　　这个案件虽然发生在经济发达的浙江玉环，但受到伤害的多是来自贫困地区的务工人员。全面建成小康社会，必须关注一线职工、农民工、困难职工等群体，让他们的合法权益得到充分保障，让每一个劳动者活得更有尊严，实现体面劳动、全面发展。玉环市纪委监委督促市人力资源和社会保障局切实整改，规范调解程序，强化对干部的监督和对企业的监管，最大限度保护务工人员权益。</p><p>　　全面建成小康社会成色如何，很大程度上要看群众获得感、幸福感、安全感的提升。黑恶势力是经济社会健康发展的毒瘤，严重危害人民群众的生命财产安全。党的十九大后，党中央决定开展为期三年的扫黑除恶专项斗争，既要打掉为祸民间的黑恶势力，更要清除背后庇护他们的“保护伞”，切实提高人民的安全感。</p><p>　　纪检监察机关坚决贯彻党中央的决策部署，与政法机关紧密协作，形成攻坚合力。自扫黑除恶专项斗争开展以来，截至2020年11月底，全国共查处涉黑涉恶腐败和“保护伞”问题81366个，立案处理党员干部和公职人员97802人。中央纪委国家监委督办了一批重大典型涉黑涉恶腐败和“保护伞”案件，公开通报曝光，形成强大震慑。其中，引发舆论强烈关注的孙小果案就是一个典型案件。</p><p>　　2019年3月，一个叫孙小果的人因故意伤害案被昆明市官渡区人民法院决定逮捕，他和同伙在一家KTV打架斗殴，踢爆了对方的膀胱，将对方打成二级重伤。公安机关调查发现，孙小果注册有多家公司，经营多家酒吧夜店，是昆明夜场上有名的“大哥”，貌似合法的公司外衣背后实质是一个涉黑涉恶团伙，做着诸多违法犯罪勾当，开设赌场、放高利贷、非法拘禁、故意伤害，不一而足。孙小果这个名字一经公布，顿时引起轰动。许多昆明人都有印象，20多年前就有个孙小果，犯下多起性质恶劣的大案，当年已经被判处死刑。这是不是同一个孙小果呢？</p><p>　　<strong>蒋彪（云南省昆明市公安局刑事犯罪侦查支队一级警长）：</strong>应该是死刑已经执行的，怎么他没死啊？有这样一个概念，诧异，非常诧异。</p><p>　　这个孙小果正是20年前的那个孙小果。他是如何离奇“复活”的，是否涉及公职人员违纪违法？政法机关对孙小果涉黑涉恶团伙犯罪展开调查的同时，纪检监察机关也成立专案组与政法机关协同办案，深挖背后的“保护伞”和涉黑涉恶腐败问题，对涉及的一百多名公职人员进行了审查调查，最终给予党纪政务处分60人，组织处理50人，谈话提醒22人，移送检察机关审查起诉19人，查清了这一案件中存在的公职人员徇私枉法行为。</p><p>　　<strong>张雪贫（云南省纪委监委工作人员）：</strong>中间只要有一个人是严格执法，他的这个事情就走不下去，每一个人都松这么一个小口子，最后就撕开了一个大口子。</p><p>　　梳理孙小果案跨越20年的过程，他第一次犯罪是在1994年，当时在昆明市环城南路，他和另外四名男子光天化日之下将两名女青年强行拉上车，开到郊区实施轮奸。当时孙小果不是主犯且未满18岁，被判处三年有期徒刑。然而到了1997年，本应在监狱服刑的孙小果离奇地出现在了社会上，再次强奸4名未成年女性，其中1人是未满14岁的幼女。他还非法拘禁并虐待侮辱两名女性，手段极其残忍，伤情惨不忍睹。他的恶行当时引发公众强烈愤慨，经调查，发现是孙小果的母亲孙鹤予和继父李桥忠，在1995年找关系非法为孙小果办理了取保候审，随后又非法为其办理了保外就医。</p><p>　　<strong>陈浩（云南省纪委监委工作人员）：</strong>孙小果的母亲对孙小果，这种爱是一种无原则的，给他搞了一个假的病历就做了一个保外就医，第一次就让他逃避了处罚。一天牢也没坐那次。</p><p>　　孙小果母亲孙鹤予，原名孙学梅，早先是昆明市公安局官渡分局民警，继父李桥忠当时是五华分局副局长。1998年，二人就因包庇孙小果1994年所犯强奸案被查处，孙鹤予被开除公职并以包庇罪判处有期徒刑5年；李桥忠受到留党察看两年和撤职处分；给孙小果违规办理取保候审的两名警察也被以渎职罪追究了刑事责任。孙小果也因1997年再次犯下多桩重案，于1998年2月被昆明市中级人民法院一审判处死刑立即执行。公众都以为事情到这里就终结了，没想到20年后类似情节再次上演，而且这次更匪夷所思，是“死而复生”。彻查并公布孙小果案的真相，关乎社会对法治公平正义的信心。</p><p>　　<strong>陈浩：</strong>司法是社会正义的最后一道防线。为什么孙小果这个案子影响震动这么大，真是触碰到了普通老百姓的一个心里的底线了。</p><p>　　调查发现，孙小果1998年一审被判处死刑之后，先后经历了两次改判。第一次是1999年，孙小果被判处死刑后上诉，云南省高级人民法院经二审，改判为死刑缓期两年执行。经调查，这次二审改判在事实认定和适用法律上存在错误，但并未发现徇私枉法情节。改判死缓后，孙小果被投入云南省第一监狱，按照法律，死刑缓期两年期间没有新的犯罪，则转为无期徒刑。如果孙小果就此依法服刑，也不可能再为祸社会，然而，2003年他的母亲孙鹤予刑满释放后，又一门心思要从监狱里捞人。</p><p><img src=\"https://p1-tt.byteimg.com/origin/pgc-image/abfb1d9a31af4366a894fe60661bc0e1?from=pc\" alt=\"电视专题片《正风反腐就在身边》第二集：《守护民生》\"></p><p><br></p><p>　　<strong>孙鹤予（孙小果母亲）：</strong>很矛盾，也很恨他，你说不疼他吧也不可能，总是想让他（受处罚）能够轻一点，有溺爱在里面，这是我的问题。你说做这个母亲做得失败不？很失败，真的，很失败。</p><p>　　孙鹤予当时已被开除公职，但李桥忠仕途又有了起色，在五华区城管局担任局长。孙鹤予于是和李桥忠提出让他再去找关系，李桥忠也就一口答应。</p><p><img src=\"https://p6-tt.byteimg.com/origin/pgc-image/6f7f242d2ebd464db05a0072494d9963?from=pc\" alt=\"电视专题片《正风反腐就在身边》第二集：《守护民生》\"></p><p><br></p><p>　　<strong>李桥忠（孙小果继父）：</strong>他是他妈生的，他妈是我的老婆，作为他的继父，他妈提出来这个东西，肯定是找熟人，更好说话，更好通融。</p><p>　　调查发现，正是李桥忠和孙鹤予的多方运作，致使2007年9月，云南省高级人民法院对孙小果案启动再审，并最终由死缓改判孙小果有期徒刑二十年。这一再审改判显然极不正常。</p><p>　　<strong>陈浩：</strong>按照法律的规定要有新的证据、新的事实各方面才能启动再审，这个案件其实是没有，不符合这个条件的。</p><p>　　调查组循着这次再审的流程，逐一对照每一个关口的权限和职责，由此锁定了每一关的责任人，并发现多个环节都有公职人员严重徇私枉法。</p><p>　　<strong>田波（时任云南省高级人民法院立案庭庭长）：</strong>处理我，我都接受。因为这个案子最后给社会造成的影响，真的太坏了，真的太坏了。判决拿到那一天我掉眼泪了，做了一辈子的法官，最后成了罪犯。</p><p>　　田波，时任立案庭庭长。立案关是再审的第一关，正是田波开了这第一个口子。孙小果的继父李桥忠曾经在部队服役，他打听到田波也曾经在同一个部队当过兵，就辗转托战友约田波吃饭。</p><p>　　<strong>张雪贫（云南省纪委监委工作人员）：</strong>两次，每次5万块钱，给田波送过10万块钱，那田波在这个过程中，就想方设法为李桥忠出主意想办法。</p><p><img src=\"https://p6-tt.byteimg.com/origin/pgc-image/5a37710a665a40c6a16b6af7e2145788?from=pc\" alt=\"电视专题片《正风反腐就在身边》第二集：《守护民生》\"></p><p><br></p><p>　　<strong>田波：</strong>对我的战友也好，对李桥忠也好，不去怨恨别人，怨恨自己。心理学上有一句话说得很好，你心里面有这个钩子别人才能够挂东西，如果没有这个钩子，别人挂不上这个东西，也是自己没把握好自己吧。</p><p>　　立案关之后是审判关，李桥忠夫妇自然接下来就把审判监督庭庭长梁子安作为重点公关的对象，向他行贿十余万元。</p><p>　　<strong>梁子安（时任云南省高级人民法院审判监督庭庭长）：</strong>改这个案子的时候，实际上我当时也知道这是不对的，交给你的就是一个关口，你把不住这个关口，后面这个是有经验教训的。</p><p>　　当时梁子安明知这个案子不该改，但面子上又抹不开，他于是告诉李桥忠夫妇，这事难度大，建议他们再找找院领导。时任云南省高院院长是赵仕杰，虽然李桥忠不认识赵仕杰，但却绕着弯子，找到了能和赵仕杰说上话的人。</p><p><img src=\"https://p6-tt.byteimg.com/origin/pgc-image/f9334c2dcc374769a43352ce988d6cd5?from=pc\" alt=\"电视专题片《正风反腐就在身边》第二集：《守护民生》\"></p><p><br></p><p>　　<strong>刘天鸣（时任西双版纳州检察院党组成员 副检察长 专案组成员）：</strong>李桥忠这个人很掌握中国社会的潜规则，这个事情放在他那儿，尽管他官不大，但是他通过绕，我认识你，你认识他，他认识他，他认识他，最后绕到那儿，这是决策者，行了。那个年代就吃饭，吃吃吃一路吃过去，吃完了，好，再集中火力，再送点东西，找到了能办事也能办成事的人。</p><p>　　调查发现，李桥忠通过不止一个人和赵仕杰打了招呼，其中之一是时任云南省长秦光荣的秘书袁鹏，李桥忠辗转通过一个私人老板结识了袁鹏，送了3万元，袁鹏接受请托给赵仕杰打了个电话。</p><p>　　<strong>张雪贫：</strong>袁鹏是省里面主要领导的秘书，当时李桥忠告诉孙鹤予说，他是当秘书的，他背后的人官有多大，他的权力就有多大，对方接到电话那考虑的肯定是这个人，这个事情是你跟我提的，还是你背后的人跟我提的。</p><p>　　这些绕着圈子打的招呼起到了作用，赵仕杰找到时任审判监督庭庭长梁子安提了这个案子，大意是如果能动就动一动。</p><p>　　<strong>梁子安：</strong>他这个人，他不会很那个的，他一般就是他意思表露了就拉倒了。我当时只要表态我保留意见，不那个的话，也行。但是毕竟没有那个。我说我就是，第一句话是盲从领导，第二句话，我是丧失原则。</p><p>　　调查发现，孙小果案再审历时一年，进行了三次审委会讨论，之所以反复讨论，正是因为不少审委会成员都认为，这个案子事实证据没有错误，不该改判。这间庄严的审委会会议厅，每个人只要走进这里，就应当摒除一切外界影响，只仰望至高无上的法律。遗憾的是，少数人最终将人情关系和领导意愿带进了属于法律的空间，并凌驾在了法律之上。</p><p><img src=\"https://p3-tt.byteimg.com/origin/pgc-image/6170e5ad7ee74a0cac341388ed1ffeff?from=pc\" alt=\"电视专题片《正风反腐就在身边》第二集：《守护民生》\"></p><p><br></p><p>　　<strong>梁子安：</strong>最后一次合议，表态就这样的，事实不动了，就把刑期改了，这个案子谁都不敢动事实。</p><p>　　就这样，孙小果完成了“复活”的重要一步，刑期变成了有期徒刑20年。调查发现，李桥忠夫妇同时又在监狱系统活动，操作违规减刑，时任云南省监狱管理局政委罗正云和李桥忠既是老乡又是战友，于是不顾原则答应给他帮忙。</p><p>　　<strong>罗正云（时任云南省监狱管理局政委）：</strong>1983年到1997年的时候他是在部队工作，是和我在一个部队，和我是上下级关系，又是战友。</p><p>　　罗正云把时任云南省第一监狱政委刘思源叫来和李桥忠一起吃饭，嘴上说在原则范围内关照，下属也就心领神会。</p><p>　　<strong>刘思源（时任云南省第一监狱政委）：</strong>罗正云一句话，我们肯定是要买账的。跟分管的副监狱长说，反正领导既然说了关照，你们关照好就行了。</p><p>　　调查组调取孙小果服刑期间的记录查证，发现多名监狱管理人员在领导授意下违纪违规，给予孙小果不正常的特殊待遇，孙小果每个月考核都是满分，连续七年被评为劳动改造积极分子，接连获得减刑。尤其荒唐的是，孙小果还号称在监狱里发明了一个“联动锁紧式防盗窨井盖”，向国家知识产权局申请后获得了实用新型专利，第一监狱据此认定孙小果“重大立功”再次报请减刑。</p><p>　　<strong>刘思源：</strong>减不减，法官把关去，减不减我就不管你了，该关照关照，我也报了反正。</p><p>　　调查表明，井盖设计图纸其实是孙鹤予托人从外面带进去的，当时云南省第一监狱有机械加工车间，从技术到材料都有便利条件，在一些监狱干警帮助下，同监其他懂技术的犯人制作出了模型。孙小果的设计陈述材料经鉴定都不是本人笔迹，是同监犯人代写的。孙小果面对诸多证据，仍一口咬定井盖是自己发明，但谎言被调查组当场揭穿。</p><p>　　<strong>刘天鸣（时任西双版纳州检察院党组成员 副检察长 专案组成员）：</strong>我们审讯他的时候，我就问他，他到死都说这个东西是他发明的，不假。我说行，那现在来来来，我给你纸给你笔，还需要什么样的制图工具，你要实在画不出来，我把原图给你照着画，照着画他都画不出来。很尴尬，就沉默，就不说话，耍赖赖不掉，那不吭气就完了。</p><p>　　经调查核实，孙小果在云南省第一监狱总共减刑3次，2009年1月转监到云南省第二监狱，在二监又减刑两次，于2010年4月出狱，实际服刑时间只有12年5个月。之所以中间要由第一监狱转到第二监狱，是因为违规减刑遇到了阻力。</p><p>　　<strong>罗正云（时任云南省监狱管理局政委）：</strong>2008年李桥忠给我打过一个电话，说孙小果在一监减刑未能得到通过，他说主要是一监的一个纪委书记叫何绍平持不同意见，而且态度非常坚决，你能不能跟他说一下。</p><p>　　调查组调取当年的减刑会议记录，记录显示时任第一监狱纪委书记何绍平在多次会议上都提出反对意见，认为孙小果的减刑不符合规定。何绍平也还清晰地记得，罗正云为此专门打来了电话。</p><p>　　<strong>何绍平（时任云南省第一监狱纪委书记）：</strong>他说孙小果减刑你怎么不同意，我说不是我不同意减，他这个是不符合规定。他说你们这个规定太多了。我说不是我们的规定多，我说这个是司法部和最高人民法院、最高人民检察院的规定。</p><p>　　虽然领导打了电话过问，但下一次会议上，何绍平仍然不同意。</p><p><img src=\"https://p3-tt.byteimg.com/origin/pgc-image/8b1bc88d148d40b3b6895870e11f64b7?from=pc\" alt=\"电视专题片《正风反腐就在身边》第二集：《守护民生》\"></p><p><br></p><p>　　<strong>何绍平：</strong>我还是坚持不同意，我不图什么，我必须要依法，你领导认为我不行，你给我换了就算了，没事。当时我的身份是纪委书记，纪委书记就有这个职责，对这个事情进行监督。</p><p>　　正是因为何绍平的反对，罗正云等人只好将孙小果转到第二监狱，绕过何绍平继续操作。如果多一些人能够像何绍平一样坚持原则，孙小果也不可能“复活”，但遗憾的是，许多人选择了另一个错误的答案。</p><p>　　<strong>陈浩：</strong>大家都觉得，我这里通融一下，卖个面子给个人情，应该没什么问题，后面还有人会来把关，我只是它当中的一个环节，不重要，都是这种想法，最终导致这个事情就办成了。</p><p>　　网友们都在问：孙小果家究竟有多大的权力，能办成这么多事情？调查人员起初其实也有同样的疑惑，当一路查下来，发现孙家最大的官员只是继父这个区城管局长，却成功打通了层层关节，堪称拍案惊奇。而且，虽然不少人收受了孙家的钱物，但他们都表示其实主要不是图财，更多的是因为“朋友圈”“战友圈”的熟人请托，看的是人情和面子。看似匪夷所思的背后，其实深刻地反映了那个时代社会风气的积弊。</p><p>　　<strong>孙鹤予：</strong>我老公说为什么他要去办这个事情？实际上是能力的体现。我觉得他说这个话是真实的。他也乐意帮朋友的忙，所以他找朋友办事，那也是非常顺当。我老公他，唉，实际上真的挺对不起他的，把他害了。</p><p>　　2019年12月23日，云南省高级人民法院对孙小果案经再审依法公开宣判，对之前两次改判依法予以撤销，维持1998年一审的死刑判决，并和他出狱后犯组织、领导黑社会性质组织等罪被判处有期徒刑二十五年的终审判决合并，决定对孙小果执行死刑。2020年2月20日，孙小果被执行死刑。纪检监察机关将涉嫌违法犯罪的公职人员移交司法审理，2019年12月15日，19名涉孙小果案公职人员和重要关系人职务犯罪案公开宣判，19人分别被判处两年至二十年不等有期徒刑。他们当中不少人过去都身在司法、执法部门，如今却因违法受到制裁，留下沉重的警示。</p><p><img src=\"https://p1-tt.byteimg.com/origin/pgc-image/d4f1656fa38a4e129e67243ad0d116f1?from=pc\" alt=\"电视专题片《正风反腐就在身边》第二集：《守护民生》\"></p><p><br></p><p>　　<strong>陈浩：</strong>公职人员对手中的权力、对国家的法律要有一种敬畏之心。一次不公正的审判，污染的是水源，社会的影响会更大。</p><p>　　公正的法治环境，既是全面小康的重要组成部分，也是全面建成小康社会的制度保障，必须努力让人民群众在每一个案件中都能感受到公平正义，才能给人民以踏实的安全感。坚持以人民为中心的发展思想，就是要聚焦人民群众最关切的问题，解决好他们的操心事、烦心事、揪心事。</p><p>　　按照党中央关于“不忘初心、牢记使命”主题教育有关部署，中央纪委国家监委机关牵头，会同15个中央国家机关部门，聚焦教育、医疗、环境保护、食品药品安全等民生领域侵害群众利益问题，聚焦发生在群众身边的不正之风和腐败问题，开展漠视侵害群众利益问题专项整治，共受理群众信访举报7.21万件，查处民生领域侵害群众利益问题9.8万起，处理13.01万人。</p><p>　　深圳这座城市，是中国改革开放的一个缩影。自改革开放之初党中央提出小康社会的战略构想至今，贯穿始终的，是为人民谋幸福的初心。四十年来，深圳从一个小渔村到大都市，人民生活水平大幅提高，教育、医疗、住房等实现翻天覆地的变化，成为全面建设小康社会的一个样板。发展也会不断伴随新问题，必须去关注和解决。民营医疗领域存在的一些乱象，就是一个改革发展中出现的问题。</p><p>　　2017年10月的一天，一名患者从深圳惠爱妇科医院门诊部二楼跳下，多处受伤，引发强烈关注。该患者是在这家医院遭遇医疗欺诈和强制消费，因无力支付被强行扣押，为了逃出来，只能冒险从二楼跳下。此事一经报道，有更多受害者站出来发声，表示自己也遇到过类似经历。</p><p>　　<strong>患者1：</strong>他就说你这个长了息肉，要必须做手术，他说要交九千多少。我说我没那么多钱，我说我不做了，他说不行。你不交钱他又不让你下手术台。</p><p><img src=\"https://p1-tt.byteimg.com/origin/pgc-image/edf306247b8a4ee2bbeed4b3a2d9c490?from=pc\" alt=\"电视专题片《正风反腐就在身边》第二集：《守护民生》\"></p><p><br></p><p>　　<strong>患者2：</strong>那你上了手术台，只有他说怎么办就怎么办，那你不去交钱，他不给你医。你在那里躺半个小时一个小时，你流血死了到时候那怎么办呢？逼着只能去交钱动手术了。</p><p>　　群众的痛点，就是纪检监察机关工作的重点。不择手段逐利的劣质医疗机构得以存在，也说明监管存在问题和漏洞。深圳市委、市纪委监委以治理医疗领域腐败和作风问题为切入点，深挖彻查医疗乱象背后的公职人员违纪违法问题，督促医疗卫生主管部门切实加强监管，整治医疗乱象，维护患者权益。</p><p>　　<strong>赵福权（深圳市纪委监委工作人员）：</strong>对于一些医疗机构的这些乱象，包括这些问题，反映很大。那我们就从这个办案中，看能不能揭开这个口子。</p><p>　　2018年6月，深圳市纪委监委接到群众举报，反映深圳市卫计委副主任刘堃收受一些医疗机构礼金、礼品卡，影响到公正执行公务。经核查，刘堃确实存在利用职务便利收受钱物，放松监管的情节，深圳市纪委监委对其予以立案审查调查。</p><p><img src=\"https://p1-tt.byteimg.com/origin/pgc-image/2069bcb5d224475babde3307a8f16745?from=pc\" alt=\"电视专题片《正风反腐就在身边》第二集：《守护民生》\"></p><p><br></p><p>　　<strong>刘堃（深圳市原卫生和计划生育委员会副主任）：</strong>都是一些民营医院的院长，刚刚开始收钱就是过年过节来看看你，两个节，一个中秋，再就是春节，没有什么事求你，就是拉近关系，认识以后好办事。都是朋友介绍的，不认识谁敢收他的钱。</p><p>　　深圳作为改革开放前沿城市，外来人口众多，按常住人口配置的公立医疗资源难以满足庞大的就医需求，使得深圳成为了目前全国民营医疗开放程度最高、服务份额最大的城市。一些优秀民营医院成为了公立医疗体系的有益补充；然而，一部分患者的遭遇，也暴露出民营医院良莠不齐，尤其是泌尿、妇科、整形等领域，每年都会有大量患者投诉。这些乱象背后，既有资质审批不严、业务监管不到位等问题，再往深处查，更有腐败和作风问题。</p><p>　　<strong>余少欢（深圳市纪委监委工作人员）：</strong>过度医疗，医疗欺诈，老百姓告了，告了以后你们要接受处罚，行政处罚，实际上就通过他（刘堃）来减轻或者规避这个处罚。发现他们在这个过程中，和刘堃之间有这种权钱交易，有这种行贿受贿的行为。</p><p>　　刘堃收受贿赂共500多万元，很多是发生在他担任深圳市卫生监督局局长期间。卫生监督局掌管着对医院的卫生执法、监督检查、行政处罚等重要权力，民营医院老板们自然想和他拉近关系，而刘堃并不拒绝。</p><p>　　<strong>黄忠文（涉案民营医院老板）：</strong>刘堃，光光头，很好说话，跑到他办公室去，第一次我试探性给了他两万块，我说领导比较辛苦，这个给你喝茶的。他都没怎么拒绝我，我的感觉还是，他应该比较接纳我。</p><p>　　老板们送上钱物，诉求非常明确。深圳市对民营医院执行年审制度，分ABCDE五个等级，如果哪家医院一年内扣分多了，等级低了，就会面临不同程度处罚，如果一年之内24分被扣完，就要被吊销资格。对这些医院来说，争取少扣分、轻处罚，关乎能否在医疗行业继续立足。</p><p><img src=\"https://p3-tt.byteimg.com/origin/pgc-image/36d353903a424253b607f53e8c1ecddb?from=pc\" alt=\"电视专题片《正风反腐就在身边》第二集：《守护民生》\"></p><p><br></p><p>　　<strong>黄忠文：</strong>我宁肯花钱也不愿扣分，你扣分比较多，你就评不了A，评到E，那就变黄牌警告，黄牌警告就面临，不小心要面临停业整顿。</p><p>　　调查表明，黄忠文累计向刘堃行贿91万元，刘堃则多次在执法自由裁量权上做文章，本来应该扣6分的违规行为，就变成扣2分罚点款了事。</p><p>　　<strong>黄忠文：</strong>打电话给他讲一下，一般都会（处罚）轻一点，我为什么后面会变成，原来送两万，后来变送五万，给他五万、十万，我感觉他这个人很够哥们儿。</p><p>　　监督者和被监督者成了哥们儿，监督也就被架空。有一家泌尿系统医院被发现存在医疗欺诈和过度医疗，本应扣6分，但这家医院一年内已多次被扣分，再扣就将吊销执业资格，老板于是给刘堃送上5万元，刘堃就拖延了两个月才给予扣分，让这家医院逃过了年审关。</p><p>　　<strong>刘堃：</strong>年审在这个周期之内，扣分扣24分就不行了，在周期之外稍微给它往后面移，移到2019年之后，这个扣分就没有关系了。刚好在校验期，后来推迟两个月，刚好那年就过了。</p><p>　　少扣分或者晚扣分，看似是个小动作，其实会造成严重的后果。一些劣质机构就此得以继续留在医疗行业中，最终受损的是患者的利益。</p><p>　　<strong>赵福权（深圳市纪委监委工作人员）：</strong>他的监督的对象就是民营医疗机构，收受了这些人所送的一些钱物，对这个民营医院的监管的这个力度，造成很大的影响。</p><p>　　负有重要监管责任的领导干部，往往就是重点围猎的对象。调查组对刘堃案的调查过程中，又牵连出了另一个关键岗位负责人廖庆伟，也和老板们存在权钱交易，严重违纪违法。</p><p><img src=\"https://p6-tt.byteimg.com/origin/pgc-image/d6a371eae83f44c2bf1a37cd88230c54?from=pc\" alt=\"电视专题片《正风反腐就在身边》第二集：《守护民生》\"></p><p><br></p><p>　　<strong>廖庆伟（深圳市原卫生和计划生育委员会医政处处长）：</strong>事实上我非常后悔，不应该去追求这一点钱，但是确实是事实摆在那个地方，已经涉及到这个里面了，必须得承认这个事实。</p><p>　　廖庆伟曾多年担任深圳市原卫生和计划生育委员会医政处处长，医政处是掌管着民营医院准入资格审批权的核心权力处室。一个有意思的现象是，廖庆伟和刘堃虽然认识，但是没有交情，可不少民营医院老板却和两人都有交情，给两人都送过钱。这正是因为他们一个管准入，一个管执法，恰是民营医院监管中最要紧的两个关口，这两个关口一旦失守，乱象自然就会滋生。</p><p>　　<strong>赵福权（深圳市纪委监委工作人员）：</strong>给刘堃、廖庆伟送钱的民营医院，就47家，廖庆伟主要就是把持着这种民营医院，这种准入，很多不是为了服务，为了从事这个服务和这个医疗这方面的目的的，确实不应该进来。</p><p>　　廖庆伟学医出身，在一线做过医生，业内评价他是懂专业、有能力的学者型干部，他曾经牵头设计了深圳市民营医院准入审批流程的改革方案，方案的核心就是要公开、透明、公平审批，杜绝人为因素影响。然而，廖庆伟自己却在一些审批事项中，站到了亲手制定的方案的对立面。他利用职务便利，为他人在医疗准入管理、医疗机构事项变更以及获取财政奖励等方面提供帮助，收受财物715万元，把审批监管权当作了自己谋取私利的工具。</p><p>　　<strong>廖庆伟：</strong>找我的人很多，来了以后，我的办公室就关不了门了，就是人来人往，见了面大家都感觉很好。送钱给你，怎么推都推不掉，这个当然是推不掉这是一方面，我自己修养不够。</p><p>　　刘堃被判处有期徒刑八年，廖庆伟也被提起公诉。深圳市纪委监委以刘堃、廖庆伟案为切入点，在医疗卫生系统开展专项整治。原市卫计委、市卫生监督局等4个单位15名领导干部被问责，全市医疗系统110多名涉案人员被查处。深圳市纪委监委向市委卫生工委发出四份监察建议书，市委卫生工委认真进行整改，强化对医疗系统特别是民营医疗机构的监管，关停了570家违规民营医院及诊所，对重点岗位人员实施轮岗或谈话提醒，完善卫生监督执法、药品采购等制度，压缩权力寻租空间。</p><p>　　<strong>孟昭文（深圳市纪委副书记 监委副主任）：</strong>这些措施实施以后，整个民营医疗机构的风气大有好转，投诉量也大大降低，特别是备受诟病的泌尿外科和妇科的投诉量，分别下降97%和66.7%，全市的恶性医疗事件近两年为零。</p><p>　　没有全民健康，就没有全面小康。2016年8月，习近平总书记主持中央政治局会议，审议通过“健康中国2030”规划纲要，这是中国首次在国家层面提出的健康领域中长期战略规划。根据纲要，未来中国将形成多元办医的格局，民营医疗也将扮演更重要的角色，迎来许多政策和机遇。在这个过程中，更需要加强政府监管、行业自律与社会监督，促进非公立医疗机构规范发展，真正为人民提供更好的医疗服务。</p><p>　　习近平：生活过得好不好，人民群众最有发言权。要从人民群众普遍关注、反映强烈、反复出现的问题出发，拿出更多改革创新举措，把就业、教育、医疗、社保、住房、养老、食品安全、生态环境、社会治安等问题一个一个解决好，努力让人民群众的获得感成色更足、幸福感更可持续、安全感更有保障。</p><p>　　站在“两个一百年”奋斗目标的历史交汇点上，全面建成小康社会胜利在望，全面建设社会主义现代化国家新征程开启。发展为了人民，发展成果由人民共享，要在更高水平上实现幼有所育、学有所教、劳有所得、病有所医、老有所养、住有所居、弱有所扶，还有大量的工作有待去奋力开拓。在发展中保障和改善民生，更好地满足人民对美好生活的向往，是一项没有终点的事业，各级纪检监察机关也将一如既往，为守护民生履职尽责。</p></article><p><br></p><p><br></p><p><i></i></p>', 'admin', 0, 0, 0, '2021-01-23 10:32:24', NULL, '2021-01-23 10:32:24', 0, 1, 1, '', 25);
INSERT INTO `t_ariticle` VALUES (15, '《退役军人保障法》的制度创新与时代意义', '《中华人民共和国退役军人保障法》（以下简称《退役军人保障法》）于2020年11月11日由第十三届全国人大常委会第二十三次会议表决通过，自2021年1月1日起施行。作为我国第一部关于退役军人的专门法律，其颁布出台顺应了新时代发展要求，为厚植强军兴军根基、维护社会安全稳定提供了法律保证。', '<p><strong>作者：国防大学政治学院西安校区 齐枨博</strong></p><p>《中华人民共和国退役军人保障法》（以下简称《退役军人保障法》）于2020年11月11日由第十三届全国人大常委会第二十三次会议表决通过，自2021年1月1日起施行。作为我国第一部关于退役军人的专门法律，其颁布出台顺应了新时代发展要求，为厚植强军兴军根基、维护社会安全稳定提供了法律保证。</p><p><strong>顺应新时代国防建设发展要求</strong></p><p>《退役军人保障法》有效推进退役军人事务治理体系与治理能力现代化。随着新法的颁布实施，一个横向到边、纵向到底的退役军人保障法律体系已经初步形成。</p><p>1.确立四梁八柱，优化救济机制，促进退役军人保障法律法规体系化。《退役军人保障法》颁布实施改变了以《军人抚恤优待条例》作为开展优抚工作的核心依据。过去在实践中由于规定过于模糊、没有配套法律，往往要出台一些专项规定来细化《条例》中的内容。然而出台的专项规定法律效力低，以至于无法形成实质性的互补。《退役军人保障法》的颁布，提升了相关法律法规地位，明确了优抚安置对象及具体安置措施，细化了优抚安置法律条文，减少了原则化、模糊化的规定，推动了退役军人法律及相关条例由零散碎片化向体系化的转变，使权益保障工作逐步走上法治化、规范化轨道。</p><p>《退役军人保障法》坚持科学管理，落实军事政策制度改革要求，完善了退役军人权利救济法律援助机制，帮助退役军人运用法律武器来进行个人维权，畅通广大退役军人诉求表达、利益协调和权益保障渠道，为推进退役军人事务领域治理体系和治理能力现代化提供有力法治保障和优质法律服务。其中明确规定县级以上人民政府退役军人工作主管部门应当建立健全退役军人权益保障机制，畅通诉求表达渠道，为退役军人维护其合法权益提供支持和帮助。强调退役军人的合法权益受到侵害，应当依法解决；公共法律服务有关机构应当依法为退役军人提供法律援助等必要的帮助。</p><p>2.健全监督机制，强化法律责任，增强权益保障法治化建设水平。我国《国防法》虽然规定了地方各级人民政府有权依法管辖退役军人的安置，但却未规定地方政府的责任。在市场经济条件下，针对退役军人群体的权利诉求不断增强。《退役军人保障法》明确了退役军人保障工作的监督举报途径，并强调加强社会监督，以法律的形式充分保证了对退役军人权益的监督全覆盖。</p><p>《退役军人保障法》确立了国家实行退役军人保障工作责任制和考核评价制，将工作情况纳入政府考核内容，并将考评作为衡量责任人领导能力的重要内容。并且《退役军人保障法》第9章专章规定了法律责任，明确了违反相关规定的情形，以及对直接主管人员和责任人员的处分条件。其中明确规定对退役军人保障工作中违反本法行为的检举、控告事项，有关机关和部门应当依法及时处理，并将处理结果告知检举人、控告人。对于退役军人档案的移交、保管、使用同样进行了明确。</p><p>3.确保政策衔接，明确过渡范围，突出配套政策法规有效衔接。为贯彻落实党中央、国务院关于退役军人工作的决策部署，2020年11月6日，退役军人事务部对相关政策性文件进行了统一清理，决定废止105件政策性文件，宣布115件政策性文件失效。11月11日，《退役军人保障法》审议通过。大批政策性文件的废止与专门法律的审议通过，确保了新时代退役军人工作政策与法律法规的有效衔接，为后续工作的顺利开展扫清了障碍。</p><p>《退役军人保障法》在“自主择业”和“离休”干部保障问题上，秉承“老人老办法”的原则，明确规定《退役军人保障法》实施前已经按照自主择业方式安置的退役军人以及军官离职休养和军级以上职务的军官退休后的待遇保障，按照国务院和中央军事委员会的有关规定执行。这些过渡性条款，为服务保障提供了依据，确保了政策法规的稳定性和权威性。</p><p>4.拓宽保障方式，增强荣誉激励，提升退役军人服务保障质量。《退役军人保障法》确立了以人为本、分类保障、服务优先、依法管理的原则。坚持尽力而为量力而行。拓宽了企业、社会团体、个人通过依法设立基金、志愿服务等方式参与保障的路径。要求公共人力资源服务机构免费为退役军人提供职业介绍、创业指导等服务。强调国家建立退役军人帮扶援助机制，在养老、医疗、住房等方面对生活困难的退役军人按照国家有关规定给予帮扶援助。这些人性化的服务保障条款充分体现了《退役军人保障法》的“温度”。</p><p>《退役军人保障法》首次明确国家建立参战退役军人特别优待机制和退役军人荣誉激励机制。规定退役军人安置地人民政府在接收退役军人时，应当举行迎接仪式。国家、地方和军队举行重大庆典活动时，应当邀请退役军人代表参加。明确了服役期间获得相应荣誉应当载入地方志的情形。强调军队医疗机构、公立医疗机构应当为退役军人就医提供优待服务，并对参战退役军人、残疾退役军人给予优惠。</p><p><strong>推动退役军人服务保障迈上新台阶</strong></p><p>新时代的退役军人保障采用了多元化立法模式，形成了以《宪法》为核心，以《退役军人保障法》为主干，以《军人抚恤优待条例》等为主体，以地方政府法规、规章为辅助的权益保障法律体系。由此推动我国退役军人服务保障迈上新台阶。</p><p>1.以习近平同志为核心的党中央关心关爱退役军人的重要体现。2020年7月30日，习近平主席在中央政治局集体学习时强调，中央和国家机关、地方各级党委和政府要加强国防意识。在军人家属随军就业、子女入学入托、优抚政策落实和退役军人保障等方面积极排忧解难。党的十八大以来，习近平主席多次作出重要指示，提出明确要求，为退役军人保障工作提供了根本遵循。《退役军人保障法》颁布实施是习近平主席亲自部署推动的大战略；是以习近平同志为核心的党中央统筹国内国际两个大局、着眼经济建设和国防建设融合发展作出的重大决策；是促进国防和军队建设的重大战略举措，充分体现了党中央对退役军人的关心与厚爱。</p><p>2.推进退役军人事务领域治理体系与治理能力现代化的重要举措。治理现代化离不开法治化。作为完善中国特色社会主义法治体系的重要组成部分，《退役军人保障法》的颁布实施事关国防和军队建设法治化水平。党的十八大以来，一系列配套举措相继出台，2019年8月1日，新修订的《烈士褒扬条例》，为将英雄烈士保护纳入党和国家功勋荣誉表彰制度体系提供了法律依据。2019年12月16日，新修订的《伤残抚恤管理办法》进一步明确了抚恤对象范围和认定情形。当前正按计划有序推进《退役军人安置条例》《军人抚恤优待条例》《烈士褒扬条例》《烈士公祭办法》《光荣院管理办法》等法规、规章的制定修订工作。</p><p>3.贯彻落实习近平强军思想，实现国防和军队现代化的必然要求。党的十九大报告中强调，要维护军人军属合法权益，让军人成为全社会尊崇的职业。退役军人作为曾经接受过专门训练，可随时进行战争动员的重要“财富”，加上其综合素质高、组织管理能力强，能够极大地推动国家的建设和发展。退役军人是否能顺利实现再社会化，获得社会的普遍尊重，将直接影响公民献身国防的热情，以及部队军心士气和战斗力的生成。因此服务好退役军人，有助于增强民族战斗力，彰显强大国防力量，实现强军兴军总目标。作为重大民生工程，颁行《退役军人保障法》，是实现国防和军队现代化不可或缺的一环，是稳定军心、解决军人后顾之忧的重要法律依据，其实施既有利于激发和调动退役军人的工作积极性，也有利于国家的长治久安。</p><p>令在必信，法在必行。《退役军人保障法》的实施直接关系到现役军人的忠诚奉献和适龄青年的参军热情。面对世界百年未有之大变局，退役军人工作同样面临着新的机遇和挑战。在具体落实中，一方面应认知我国的现实成就和制度优越性，另一方面要时刻牢记习近平主席的殷切嘱托，把好事办好。需要指出，退役军人事务工作涉及面广、攻坚难度大，一部法律不可能解决所有的具体问题，我们应加快构建中国特色退役军人保障法治体系，为建设强大国防和实现“两个一百年”奋斗目标提供坚实法治保障。</p><p>来源： 中国社会科学网-中国社会科学报</p>', 'admin', 0, 0, 0, '2021-01-23 10:40:30', NULL, '2021-01-23 10:40:30', 0, 1, 0, 'https://m.gmw.cn/toutiao/2021-01/22/content_34562984.htm?tt_group_id=6920397632783417869', 25);
INSERT INTO `t_ariticle` VALUES (16, '拜登火速答应俄国重磅条约，特朗普手下炸锅：几年努力全白费了', '据美联社1月21日报道，白宫新闻秘书珍·普萨基（Jen Psaki）在周四的简报会上证实，拜登总统正寻求把之前美国与俄罗斯签订的《新削减战略武器条约》(简称\"新裁武条约\")延长5年。报道称，该条约将于今年2月份到期。', '<p>据美联社1月21日报道，白宫新闻秘书珍·普萨基（Jen Psaki）在周四的简报会上证实，拜登总统正寻求把之前美国与俄罗斯签订的《新削减战略武器条约》(简称\"新裁武条约\")延长5年。报道称，该条约将于今年2月份到期。</p><p><img src=\"https://p6-tt.byteimg.com/origin/pgc-image/b70d2a55e49f44da890a0512de19723f?from=pc\" alt=\"拜登火速答应俄国重磅条约，特朗普手下炸锅：几年努力全白费了\"></p><p>珍·普萨基</p><p>据了解，《新裁武条约》是美国时任总统奥巴马和俄国时任总统梅德韦杰夫于2010年在布拉格签署。条约规定，双方必须相应地减少进攻性武器的拥有量，条约生效后的7年内，双方的核弹头数量不可超过1500枚，已部署的洲际弹道导弹（ICBM）、潜射弹道导弹（SLBM）和重型轰炸机不可超过700枚，部署和未部署的ICBM发射器，SLBM发射器和装备有核武器的重型轰炸机不超过800个。该条约于2011年2月5日生效，期限共10年，将于2021年2月5日到期。双方约定，到期后可以在双方同意的情况下将其延长不超过5年。</p><p><img src=\"https://p1-tt.byteimg.com/origin/pgc-image/ec3e47400185452c8d95e7d4e676d9e2?from=pc\" alt=\"拜登火速答应俄国重磅条约，特朗普手下炸锅：几年努力全白费了\"></p><p><br></p><p>珍·普萨基称该条约是美俄去年退出1987年《中程核力量条约》之后，双方剩下的最后一项军备控制协定，她说：\"这是我们两国之间战略稳定的基础\"。同时，普萨基指出，当目前与俄罗斯的关系处于对抗状态时，这更有意义。同时有政策专家表示，该条约如果到期不延长，对美国和俄罗斯战略核弹头及其运载系统的所有限制将会结束，这就有可能助长一场新的军备竞赛。</p><p><img src=\"https://p3-tt.byteimg.com/origin/pgc-image/de0a9b7d82c445fbb85668918d4a4a6e?from=pc\" alt=\"拜登火速答应俄国重磅条约，特朗普手下炸锅：几年努力全白费了\"></p><p><br></p><p>拜登对该条约的延长显示出了积极的一面，这与特朗普不同。特朗普执政时期一直对《新裁武条约》持高度批评，声称该条约使美国处于不利地位。他一直等到去年，希望俄罗斯能参与有关该条约未来的实质性谈判。此外有报道称，特朗普一直坚持中国能加入条约，但被中方拒绝。</p><p><img src=\"https://p6-tt.byteimg.com/origin/pgc-image/2e84c130b080488db607bcda907b129b?from=pc\" alt=\"拜登火速答应俄国重磅条约，特朗普手下炸锅：几年努力全白费了\"></p><p><br></p><p>因此，拜登寻求延长条约的消息一出，就遭到了特朗普政府与俄罗斯就此事进行谈判的相关官员的批评。首席谈判代表马歇尔·S·比林格斯利周四在推特上写道，拜登迅速同意了将条约延长五年，将是一个错误。他说：\"希望这不是真的。\" \"如果是这样，则表明缺乏谈判技巧。\" \"拜登团队只花了24小时就浪费了我们对俄罗斯的最重要影响力，几年努力全白费了。\"五角大楼特朗普政府最高核政策官员罗伯特·索弗也表示，他认为拜登决定接受延长五年是错误的，这会让俄罗斯拒绝美国先前提出的就战术武器等其他种类的核武器进行谈判的要求。</p><p><img src=\"https://p6-tt.byteimg.com/origin/pgc-image/61b4ed8919484c1d839e26c28046edd9?from=pc\" alt=\"拜登火速答应俄国重磅条约，特朗普手下炸锅：几年努力全白费了\"></p><p><br></p><p>路透社22日报道，克里姆林宫表示，它将继续致力于延长《新裁武条约》，并欢迎拜登政府承诺为达成协议做出努力。另外有美国官员说，拜登在竞选期间就表示他赞成延长《新裁武条约》，他没有提议进行任何改动。因此，莫斯科似乎有可能接受延长。</p>', 'admin', 0, 0, 0, '2021-01-23 10:42:40', NULL, '2021-01-23 10:42:40', 0, 1, 1, 'https://www.toutiao.com/a6920479096044667399/', 25);
INSERT INTO `t_ariticle` VALUES (17, '联播+丨推动网信事业发展 习近平强调必须贯彻这个思想', '联播+丨推动网信事业发展 习近平强调必须贯彻这个思想', '<p>“网信事业要发展，必须贯彻以人民为中心的发展思想”，“让互联网更好造福人民”，“让亿万人民在共享互联网发展成果上有更多获得感”……</p><p>推动网信事业发展，习近平总书记一直强调必须贯彻“以人民为中心”的思想。这深刻揭示了我国互联网发展的精神实质和丰富内涵，同时也是坚持人民主体地位原则的切实体现。</p><p>近日，中共中央党史和文献研究院编辑的《习近平关于网络强国论述摘编》一书在全国发行，央视网《联播+》栏目特撷取其中“以人民为中心”相关论述，与您一同感受总书记的为民情怀。</p>', '央视网新闻', 0, 0, 0, '2021-01-24 10:55:09', NULL, '2021-01-24 10:55:09', 0, 1, 1, '', 27);
INSERT INTO `t_ariticle` VALUES (18, '联播+ | 推进网络强国建设 习近平“典”明这些要义', '近日，中共中央党史和文献研究院编辑的《习近平关于网络强国论述摘编》一书在全国发行。', '<article><p>近日，中共中央党史和文献研究院编辑的《习近平关于网络强国论述摘编》一书在全国发行。</p><p>当今世界，网络信息技术日新月异，全面融入社会生产生活，深刻改变着全球经济格局、利益格局、安全格局。</p><p>党的十八大以来，以习近平同志为核心的党中央对维护网络安全、培养网络人才、创新网络技术等方面作出一系列重要部署。习近平多次引经据典讲述网络治理的现实意义，妙语频出、发人深省，为网络强国建设指明方向。</p><p><img src=\"https://p3-tt.byteimg.com/origin/pgc-image/9fb56a57cdb9426594ec61e8afdc622e?from=pc\" alt=\"联播+ | 推进网络强国建设 习近平“典”明这些要义\"></p><p><br></p><p>2016年4月19日，习近平在北京主持召开网络安全和信息化工作座谈会并发表重要讲话。</p><p><em></em><strong>谈网络空间 擘画最大同心圆</strong><em></em></p><p><strong>“知屋漏者在宇下，知政失者在草野。”</strong>2016年4月19日，习近平主持召开网络安全和信息化工作座谈会并发表重要讲话。他引用东汉哲学家王充之言，提醒各级领导干部要“善于运用网络了解民意、开展工作”，并强调这是“新形势下领导干部做好工作的基本功”。</p><p>早在华夏文明诞生之初，民本思想就随之形成。基层工作的重要性，古代先贤们已经给出提示。身处新时代，如何做好基层工作？如何走好党的群众路线？习近平提出要求：“各级党政机关和领导干部要学会通过网络走群众路线，经常上网看看，潜潜水、聊聊天、发发声，了解群众所思所愿，收集好想法好建议，积极回应网民关切、解疑释惑。”</p><p><strong>“国皆有法，而无使法必行之法。”</strong>早在2006年，习近平就曾在《弘扬法治精神，形成法治风尚》一文引用《商君书·画策第十八》中的这句话来说明法治精神的重要性。2015年9月22日，习近平在接受《华尔街日报》的书面采访时指出，互联网这块“新疆域”不是“法外之地”，同样要讲法治。</p><p>网络空间风清气正，是人民的共同期待。没有法治精神，再精密的法律条文都难免沦为摆设。因此必须依法加强网络空间治理，培育积极健康、向上向善的网络文化。</p><p><strong>“君子务本，本立而道生。”</strong>2016年11月16日，习近平在第三届世界互联网大会开幕式上发表视频讲话指出：“坚持以人类共同福祉为根本，坚持网络主权理念，推动全球互联网治理朝着更加公正合理的方向迈进，推动网络空间实现平等尊重、创新发展、开放共享、安全有序的目标。”</p><p>“坚持以人类共同福祉为根本”是中国的一贯主张。互联网是我们这个时代最具发展活力的领域。利用好、发展好、治理好互联网同样需要“务本”。这个根本便是坚持以人类共同福祉为根本，构建网络空间命运共同体。</p><p>习近平讲述的这三个典故，有着共同主题：即构建清朗的网络空间，形成网上网下同心圆。如何建好这个“同心圆”？就要凝心聚力，坚持党的领导，团结全国各族人民心往一处想、劲往一处使；知“网事”“网情”坚持群众路线，打造网络舆论新平台；“净网”“护网”弘扬法治精神，扫清网络污染物；参与全球治理，谋求国际共识，构建网络空间命运共同体。</p><p><img src=\"https://p1-tt.byteimg.com/origin/pgc-image/66392eaf9e1d47a3ac630354e2c9bc64?from=pc\" alt=\"联播+ | 推进网络强国建设 习近平“典”明这些要义\"></p><p><br></p><p>2018年4月20日至21日，全国网络安全和信息化工作会议在北京召开。习近平出席会议并发表重要讲话。</p><p><em></em><strong>谈网络安全 要求知己知彼、百战不殆</strong><em></em></p><p>习近平高度重视网络安全，强调“没有网络安全就没有国家安全，就没有经济社会稳定运行，广大人民群众利益也难以得到保障”。</p><p>如何加强网络安全，打赢网络安全攻坚战？他也提到了三个典故：</p><p><strong>“魔高一尺、道高一丈。”</strong>出自《初刻拍案惊奇》。习近平将原文中的“道高一尺、魔高一丈”反用为“魔高一尺、道高一丈”，要求网络安全工作者首先要有足够的技术力量来维护网络安全，增强网络安全防御能力和威慑能力。他说：“人家用的是飞机大炮，我们这里还用大刀长矛，那是不行的，攻防力量要对等。”</p><p><strong>“知己知彼，才能百战不殆。”</strong>出自《孙子兵法·谋攻篇》。在复杂严峻的网络安全态势下，习近平要求网络安全工作者要全天候、全方位感知网络安全态势，知道谁进来了、是敌是友、干了什么。</p><p><strong>“聪者听于无声，明者见于未形。”</strong>出自《汉书·伍被传》，习近平用这句古语强调网络安全风险的预见性，要求全面加强网络安全检查。“维护网络安全，首先要知道风险在哪里，是什么样的风险，什么时候发生风险。”</p><p>习近平对防范风险的客观规律有着科学的判断和认识。他强调攻防力量对等，确保在实际对抗中不落下风；要求各领域网络安全工作者要知己知彼，更要听于无声、见于未形，全面掌握网络安全风险，规避网络安全事故，实现不战而屈人之兵。</p><p><img src=\"https://p3-tt.byteimg.com/origin/pgc-image/244e68f3f9444ceb93622da49517073a?from=pc\" alt=\"联播+ | 推进网络强国建设 习近平“典”明这些要义\"></p><p><br></p><p>图为“砥砺奋进的五年”大型成就展上网络强国建设展区</p><p><em></em><strong>谈网络技术 强调得人者兴</strong><em></em></p><p><strong>“得人者兴，失人者崩。”</strong>出自《史记·商君列传》，习近平引用此典来强调网络人才的重要性。“念好了人才经，才能事半功倍”，因此要聚天下之英才而用之，为网信事业发展提供有力的人才支撑。</p><p><strong>“日日行，不怕千万里；常常做，不怕千万事。”</strong>出自《格言联璧·处事》。习近平说：“我国网信领域广大企业家、专家学者、科技人员要树立这个雄心壮志，要争这口气，努力尽快在核心技术上取得新的重大突破。”</p><p>互联网核心技术的重要性不言而喻，习近平引用这句古语鼓励网信领域相关工作者，要坚持不懈去探索，脚踏实地去工作，争取尽快在核心技术上取得突破。</p><p><strong>随时以举事，因资而立功，用万物之能而获利其上。</strong>网信事业代表着新的生产力、新的发展方向。站在新的历史节点，我们必须坚持以习近平总书记关于网络强国的重要思想为指导，抓住互联网发展的关键时机，绘就网上网下同心圆，发挥好网信人才作用，守护住网络安全，不断开创网信工作新局面。（中央广播电视总台央视网）</p></article><p><br></p><p><br></p><p><i></i></p>', '央视网新闻', 0, 0, 0, '2021-01-24 11:09:56', NULL, '2021-01-24 11:09:56', 0, 1, 1, '', 27);
INSERT INTO `t_ariticle` VALUES (19, '《山海情》：主旋律可以这样好看', '正午阳光”是近年来国内叫得响的荧屏制作品牌。眼下热播的电视剧《山海情》，聚焦易地扶贫，是一部非典型的“正午阳光”制作。其与主旋律碰撞，会产生怎样的“化学反应”？', '<article><p>正午阳光”是近年来国内叫得响的荧屏制作品牌。眼下热播的电视剧《山海情》，聚焦易地扶贫，是一部非典型的“正午阳光”制作。其与主旋律碰撞，会产生怎样的“化学反应”？</p><p><br></p><p>且看观众的感动与好评——</p><p><img src=\"https://p1-tt.byteimg.com/origin/pgc-image/caafb24cebd64efa84e72a56c5508dff?from=pc\" alt=\"《山海情》：主旋律可以这样好看\"></p><p><br></p><p><img src=\"https://p3-tt.byteimg.com/origin/pgc-image/7ef2b5e5f3cb45f09116e3217b29d0fe?from=pc\" alt=\"《山海情》：主旋律可以这样好看\"></p><p><br></p><p>“故事”“真实”“乡土”“生命力”……是《山海情》的“催泪点”。</p><p>任何时候，好剧本都是影视作品成功之本。拿《山海情》第一集来说，“吊庄”户返乡、年轻人离家出走、李水花结婚等几段主要矛盾冲突接连展开，主人公依次登场。笔力简省，剧情紧凑，人物关系清晰；西海固的苦、“吊庄”的艰辛、几代人的思想差异立现。</p><p>与一段时间以来冗长的电视剧不同，《山海情》仅用23集篇幅，便真实展现了一个时代的变迁。</p><p>“马家没有出过做官的，都想疯了”“兄弟三个就一条裤子，谁有事出门了谁穿”……用对话推进剧情、塑造人物，是该剧一大特色；从头到尾，以极其细腻生动的影像呈现人生百态，剧中布景、地理风貌及人物造型、口音，无一不带有鲜明的时代感，让人身临其境。</p><p><img src=\"https://p3-tt.byteimg.com/origin/pgc-image/24385574ce9a42149b2530fa55aa1db1?from=pc\" alt=\"《山海情》：主旋律可以这样好看\"></p><p><br></p><p><strong>张嘉益在剧中饰演马喊水（图片来源网络）</strong></p><p>“《山海情》的演员像从土里长出来的”——开播后不久，这一话题便登上微博热搜榜。</p><p>据介绍，拍摄中，剧组扎根宁夏，演员做到沉浸式体验当地生活；全剧以西北籍演员为主，用地道方言表演……演员尤勇智说，拍摄环境非常艰苦，共同经历了从没有树到有树、从地窝子到土坯房砖房，当地百姓一步步走过来的过程。</p><p>讲述的是时代变迁，落在荧屏则是人间悲欢：李大有着急麦苗浇不上水，白老师操心村里孩子没法儿上学，凌教授想方设法要让村民的蘑菇卖出去……这一帧帧，一件件，构成时代的动人讲述。</p><p><img src=\"https://p3-tt.byteimg.com/origin/pgc-image/06ee310992074975bf9c85519c21f736?from=pc\" alt=\"《山海情》：主旋律可以这样好看\"></p><p><br></p><p><strong>黄轩在剧中饰演马得福（图片来源网络）</strong></p><p>影视作品要引发强大共鸣，需要“共情”表达。</p><p>关于生存，《山海情》的宣泄是外露的。马秋水因儿子失踪变得神志不清，李大有因蘑菇滞销放火烧了自家菇棚……老一辈西海固人生活太过苦涩，必须用满格的情绪面对来自各方面的压力。</p><p>关于爱情，《山海情》的表达是克制的。生存压力大大压缩了爱情的空间，正如李水花所说：“有缘则成，没缘也是白等。”马得福和李水花的羁绊，白麦苗与马得宝的相恋，含蓄而动人。当白麦苗扎着麻花辫、系着围巾、迎着夕阳，对马得宝绽放甜美的笑，那一瞬，让人们看到了贫困中的美好、泥土中的倔强，深刻感受到笑中带泪、苦中有甜的抗争与坚守。</p><p><img src=\"https://p1-tt.byteimg.com/origin/pgc-image/958dea405f4a408ab71d9bc9d05cde63?from=pc\" alt=\"《山海情》：主旋律可以这样好看\"></p><p><br></p><p><strong>白麦苗与马得宝（图片来源网络）</strong></p><p>黄轩、黄觉、热依扎、张嘉益、闫妮、姚晨、郭京飞、王凯、白宇……融合了老中青三代演员的强大阵容，为电视剧带来“流量”，让故事讲述更加深入人心，为表演提供了质量保障。这也给主旋律电视剧创作提供了新经验——通过更多广受喜爱的演员吸引观众，进而让剧作口碑传得更远。</p><p><img src=\"https://p3-tt.byteimg.com/origin/pgc-image/065b4e974d7e424b8f989f238c7139f0?from=pc\" alt=\"《山海情》：主旋律可以这样好看\"></p><p><br></p><p><strong>《山海情》剧照（图片来源网络）</strong></p><p>自开播以来，《山海情》俘获了不同年龄段的观众，其中不乏众多“90后” “00后”，豆瓣开画评分更是达到惊人的9.1分。</p><p>《山海情》的成功，印证了这样一个事实：主旋律题材从来不缺精彩“中国故事”，更不缺少有欣赏力的观众；贴近生活的讲述，才有生命力。</p><p>用平民视角和“人”的故事去讲述时代变迁，用“冷”与“热”的情感去展现人民的坚强与奋斗——“正午阳光”的艺术追求值得称道。</p><p><br></p><p>出品人：赵承</p><p>监制：邬焕庆</p><p>统筹：吴晶、王敏</p><p>记者：王鹏</p><p>编辑：廖翊</p><p>新华社国内部出品</p></article><p><br></p><p><br></p><p><i></i></p>', '新华社', 0, 0, 0, '2021-01-24 11:13:41', NULL, '2021-01-24 11:13:41', 0, 1, 1, '', 28);
INSERT INTO `t_ariticle` VALUES (20, '绿媒炒作：解放军军机连续2天短时间密集飞进台西南空域，今早5次进入', '【环球网报道 记者 尹艳辉】台湾亲绿媒体《自由时报》今日（24日）早上8时54分发布报道炒作称，解放军军机密集“袭扰”台湾邻近空域成常态，23日早上极罕见在短短2小时内进入空域7次，“没想到今天变本加厉，早上7时至今已经5度进入台西南空域”。', '<p>【环球网报道 记者 尹艳辉】台湾亲绿媒体《自由时报》今日（24日）早上8时54分发布报道炒作称，解放军军机密集“袭扰”台湾邻近空域成常态，23日早上极罕见在短短2小时内进入空域7次，“没想到今天变本加厉，早上7时至今已经5度进入台西南空域”。</p><p><img alt=\"解放军军机资料图。（图片来源：台湾防务部门网站）\" src=\"https://rs-channel.huanqiucdn.cn/imageDir/34eb8b9978ef84d8df4a3e3b23ef6b0fu1.png\"></p><p>解放军军机资料图。（图片来源：台湾防务部门网站）</p><p>报道称，根据广播记录，“中共军机”今天上午7时9分、7时45分、8时08分、8时20分、8时28分，连续5次进入台湾西南空域“防空识别区”（ADIZ），高度分别在6000公尺（米）至9000公尺，台空军在空警戒，并广播“驱离”。</p><p>报道援引脸书“台湾西南空域”粉丝专页记录，今天机型疑为运-8“远干机（电子干扰机）”，“共机”本月累计进入台空域23天，本月广播“驱离”记录共计63次，也是记录以来罕见，解放军军机连续2天都短时间密集进入台湾西南空域。</p><p>就在23日，《自由时报》还吐槽“中共”军机极罕见在2小时内7次进入台西南空域、累惨“国军”，当晚，台防务部门证实，“共军”13架次战机23日进入台湾西南空域，其中包括8架次轰-6K轰炸机、4架次歼-16战机、1架次运-8反潜机。</p><p>对于解放军在台海周边的军事行动，东部战区早有回应。解放军东部战区新闻发言人张春晖此前曾表示，台湾及其附属岛屿是中国领土神圣不可分割的一部分，中国军队战备巡航完全正当合法，是针对当前台海安全形势和维护国家主权需要采取的必要行动。张春晖还强调，战区部队有决心、有能力挫败一切“台独”分裂活动，坚决捍卫国家主权安全和领土完整，坚决维护台海地区和平稳定。</p><p>责编：魏少璞</p><p></p><p>版权作品，未经环球网 huanqiu.com 书面授权，严禁转载，违者将被追究法律责任。</p>', '环球网', 0, 0, 0, '2021-01-24 11:15:32', NULL, '2021-01-24 11:15:32', 0, 1, 1, '', 29);
INSERT INTO `t_ariticle` VALUES (21, '哈尔滨新增新冠肺炎无症状感染者15例 均为正大公司员工', '1月23日18时至24时，黑龙江省哈尔滨市新增新冠肺炎无症状感染者15例，均为正大实业有限公司员工。', '<p>1月23日18时至24时，黑龙江省哈尔滨市新增新冠肺炎无症状感染者15例，均为正大实业有限公司员工。</p><p>主要情况如下：</p><p>无症状感染者12：梁某某，男，47岁，现住呼兰区明师楼北胡同。</p><p>无症状感染者13：田某某，男，41岁，现住呼兰区明师楼北胡同。</p><p>无症状感染者14：张某某，男，45岁，现住呼兰区土地局小区。</p><p>无症状感染者15：史某某，女，45岁，现住呼兰区金街。</p><p>无症状感染者16：浦某某，男，46岁，现住呼兰区老烟草楼。</p><p>无症状感染者17：于某某，女，44岁，现住呼兰区武装部家属楼。</p><p>无症状感染者18：张某，女，34岁，现住呼兰区地税小区。</p><p>无症状感染者19：胡某某，女，37岁，现住呼兰区盛滨花园小区。</p><p>无症状感染者20：刘某某，男，27岁，现住呼兰区盛滨花园小区。</p><p>无症状感染者21：胡某某，男，52岁，现住呼兰区师专小区。</p><p>无症状感染者22：毛某，男，46岁，现住呼兰区新华小区。</p><p>无症状感染者23：李某某，女，51岁，现住呼兰区东方红小区。</p><p>无症状感染者24：薛某某，男，53岁，现住呼兰区东方红小区。</p><p>无症状感染者25：王某某，男，48岁，现住呼兰区康金街道小赵村。</p><p>无症状感染者26：王某某，女，47岁，现住呼兰区康金街道小赵村。</p><p>以上病例均是按疫情防控要求，在“应检尽检”核酸检测中，发现结果为阳性。由120救护车转院至定点医院，诊断为新冠肺炎无症状感染者。相关流调工作还在进行中，有关情况将及时发布。</p><p>1月23日举行的哈尔滨市政府新闻办第十四场新闻发布会已对1月23日0—18时新增病例情况予以发布。截至1月23日0—24时，哈尔滨市共新增确诊病例3例，新增无症状感染者26例。</p><p>（总台央视记者 张艺馨）</p>', '环球网', 0, 0, 0, '2021-01-24 11:18:29', NULL, '2021-01-24 11:18:29', 0, 1, 1, '', 29);
INSERT INTO `t_ariticle` VALUES (22, '山东栖霞金矿救援最新进展：又发现一名被困矿工 正准备升井', '山东栖霞金矿救援最新进展：又发现一名被困矿工 正准备升井', '<p>记者今天（24日）从山东栖霞金矿爆炸事故救援指挥部获悉：24日上午，经过不断搜寻，救援人员在4中段又发现一名被困矿工，身体极度虚弱，正在准备升井。记者将在现场持续关注救援进展。</p><p><img alt=\"\" src=\"https://rs-channel.huanqiucdn.cn/imageDir/d2b793c09c182c354d3a2677850da52c.jpg\"></p><p><img alt=\"\" src=\"https://rs-channel.huanqiucdn.cn/imageDir/183fc1dbda9c0e82f9c1b651ed8eeedc.jpg\"></p><p><img alt=\"\" src=\"https://rs-channel.huanqiucdn.cn/imageDir/1782a51349019f55e5b01f387d114206.jpg\"></p><p><img alt=\"\" src=\"https://rs-channel.huanqiucdn.cn/imageDir/ff9d6aea4976804c6bdd412080594a05.png\"></p><p>（总台央视记者 张明 李秉禅 李金林 李玉广 张鹏）</p>', '环球网', 0, 0, 0, '2021-01-24 11:18:53', NULL, '2021-01-24 11:18:53', 0, 1, 1, '', 29);
INSERT INTO `t_ariticle` VALUES (23, '“演得真演得像，但当年更穷更苦”——记者探访《山海情》原型人物', '新华社银川1月23日电题：“演得真演得像，但当年更穷更苦”——记者探访《山海情》原型人物', '<article><p>新华社银川1月23日电题：“演得真演得像，但当年更穷更苦”——记者探访《山海情》原型人物</p><p>新华社记者张亮</p><p>主旋律扶贫剧《山海情》正在热播，在网上网下都掀起一股追剧热。记者日前走进剧中故事发生地——宁夏闽宁镇，找到男一号马得福的原型人物谢兴昌，和他一同追忆20多年的奋斗历程。</p><p>驱车沿着宽阔干净的公路一进入闽宁镇，整齐的建筑、热闹的集市就映入眼帘，让人感觉如同在城市一般。仅从镇容镇貌而言，闽宁镇作为移民区，已经超越了不少当地乡镇。</p><p>在闽宁镇福宁村的一座小院内，记者见到了福宁村原村支书谢兴昌。一见面，谢兴昌就掏出手机给记者展示他和《山海情》主演黄轩的合影。“马得福这个主角吸收了我们闽宁镇好几个人的经历和故事，但主要的原型就是我。”谢兴昌自豪地说。</p><p>谢兴昌是第一批从西海固山区搬迁到闽宁村的移民。1997年7月15日，闽宁村在银川城外永宁县的一片戈壁滩上破土动工，谢兴昌当时就在奠基仪式的台下。台上领导念福建发来的贺信，他听着听着就哭了：“虽然那时闽宁村还是一片荒凉，但我知道搬出山沟沟就一定会有希望。”</p><p>“我到附近农场掰了4个玉米棒子、4个高粱穗子，拿着回西吉老家宣传，让大伙知道搬来这儿有水能种活粮食。”谢兴昌说。</p><p>闽宁村建村后，谢兴昌担任第一任村支书。《山海情》中住地窝子、村民来了又回、种蘑菇等剧情都是谢兴昌的真实经历。“当时这个戈壁滩真的是风吹石头跑，我带着大家一边住着地窝子一边盖房子，有一户村民来了一看就要回，我赶紧拦住，苦口婆心地劝他要向前看。”谢兴昌说。</p><p>电视剧中金滩村村民种菇滞销的情节牵动着观众的心。谢兴昌说，当年福建专家来教大家种菇，种的人多了，确实遭遇了滞销，后来在各方帮助下，蘑菇产业才走上正轨。如今蘑菇已经成为闽宁镇的一大特色产业，平菇、香菇、羊肚菌等多种菌菇是闽宁镇村民脱贫致富的利器。</p><p>为了演得好、演得真，黄轩一进入剧组就找到谢兴昌，向他了解刚移民时的情况。“我和他聊了好久，给他讲我们刚来时是个什么样子。现在在电视剧中看到这些场景，非常真实。只是我们当年比电视剧演的要更苦更穷。”谢兴昌说。（完）</p></article><p><br></p><p><br></p><p><i></i></p>', '环球网', 0, 0, 0, '2021-01-24 13:05:57', NULL, '2021-01-24 13:05:57', 0, 1, 1, '', 29);
INSERT INTO `t_ariticle` VALUES (26, '单日13架次巡航“逼”美国务院声明后，解放军军机今天两小时内5次进入台西南空域！', '【环球网报道】解放军军机密集巡航台海让美国坐不住了？路透社刚刚消息，在台湾防务部门公布解放军轰炸机进入台西南空域之后，美国国务院发言人内德·普赖斯当地时间23日发表声明，“敦促北京停止对台在军事、外交及经济上的施压，”但北京时间24日上午，解放军军机再次在两小时内5次进入台西南空域。', '<p>【环球网报道】解放军军机密集巡航台海让美国坐不住了？路透社刚刚消息，在台湾防务部门公布解放军轰炸机进入台西南空域之后，美国国务院发言人内德·普赖斯当地时间23日发表声明，“敦促北京停止对台在军事、外交及经济上的施压，”但北京时间24日上午，解放军军机再次在两小时内5次进入台西南空域。</p><p>当地时间23日，“共机”极罕见在短短2小时内7次进入台西南空域，“累惨国军”。台防务部门23日晚证实称，当天“共军”13架次战机进入台湾西南空域，其中包括8架次轰-6K轰炸机、4架次歼-16战机、1架次运-8反潜机。</p><p><img alt=\"台防务部门公布1月23日进入台西南空域“共军”歼-16战机的同型机照片\" src=\"https://rs1.huanqiucdn.cn/dp/api/files/imageDir/333a75c5decde345d434ea1127f6cfd6u5.jpg\"></p><p>台防务部门公布1月23日进入台西南空域“共军”歼-16战机的同型机照片</p><p><img alt=\"台防务部门公布1月23日进入台西南空域“共军”轰-６Ｋ轰炸机的同型机照片\" src=\"https://rs1.huanqiucdn.cn/dp/api/files/imageDir/9d919c992bde8b12692ec000343777c4u5.jpg\"></p><p>台防务部门公布1月23日进入台西南空域“共军”轰-６Ｋ轰炸机的同型机照片</p><p><img alt=\"台防务部门公布1月23日进入台西南空域“共军”运-８反潜机的同型机照片\" src=\"https://rs1.huanqiucdn.cn/dp/api/files/imageDir/02346b4215d1f1139f429c2b80c9979bu5.jpg\"></p><p>台防务部门公布1月23日进入台西南空域“共军”运-８反潜机的同型机照片</p><p>“我们敦促北京（中国大陆）停止对台在军事、外交及经济上的施压，”美国务院在声明中宣称，中国大陆应与台湾所谓“民选代表”进行“有意义的对话”。声明还将台湾称为中国的“邻居”，宣称美国将坚持其在中美三个联合公报、《与台湾关系法》和所谓对台“六项保证”中的长期承诺，协助台湾提升防卫能力等等。</p><p>值得注意的是，在美国国务院发表这份声明的当天，岛内亲绿媒体《自由时报》于当地时间24日早上8时54分发布报道炒作称，解放军军机“早上7时至今已经5度进入台西南空域”。</p><p>对于解放军在台海周边的军事行动，解放军东部战区新闻发言人张春晖此前曾表示，台湾及其附属岛屿是中国领土神圣不可分割的一部分，中国军队战备巡航完全正当合法，是针对当前台海安全形势和维护国家主权需要采取的必要行动。张春晖还强调，战区部队有决心、有能力挫败一切“台独”分裂活动，坚决捍卫国家主权安全和领土完整，坚决维护台海地区和平稳定。</p><p>国台办发言人朱凤莲此前也强调称，“我们坚决反对美国与中国台湾地区进行任何形式的官方往来。敦促美方恪守一个中国原则和中美三个联合公报有关规定，妥善处理台湾问题。民进党当局任何伎俩、任何借口都掩盖不了其‘台独’本性。民进党当局在‘台独’绝路上一条道走到黑，必将自食恶果。”</p>', '环球网', 0, 0, 0, '2021-01-24 13:13:40', NULL, '2021-01-24 13:13:40', 0, 1, 1, '', 29);
INSERT INTO `t_ariticle` VALUES (27, '全面从严治党，习近平强调这“三力”', '12121221122121', '<p>△2021年1月22日，习近平在中国共产党第十九届中央纪律检查委员会第五次全体会议上发表重要讲话。<br></p><p>“全面从严治党首先要从政治上看，不断提高政治判断力、政治领悟力、政治执行力。”1月22日，习近平在中国共产党第十九届中央纪律检查委员会第五次全体会议上发表重要讲话时指出。</p><p>“不断提高政治判断力、政治领悟力、政治执行力”，一个月来，习近平总书记频频这样强调。&nbsp;</p>', '环球网', 0, 0, 0, '2021-01-24 13:14:08', NULL, '2021-01-24 13:14:08', 0, 1, 1, '', 29);
INSERT INTO `t_ariticle` VALUES (28, '消失88天后，马云终于露面了', '等了这么久，终于等到了马云的声音，这对于许多支持马云的人来说，是一件相当让人开心的事情，甚至应该用欣喜若狂来形容，原因就是马云回来了。', '<p>等了这么久，终于等到了马云的声音，这对于许多支持马云的人来说，是一件相当让人开心的事情，甚至应该用欣喜若狂来形容，原因就是马云回来了。</p><p>再次在公众面前发声，马云的这一次出现，直接使得阿里巴巴的市值涨了5.5亿港元，阿里健康、阿里影业、蚂蚁集团也是在涨，这一次股市因为马云兴奋了起来。</p><p><img src=\"https://p1-tt.byteimg.com/origin/pgc-image/3c99a1d912054e3fa076c4d8757ca251?from=pc\" alt=\"消失88天后，马云终于露面了\"></p><p><br></p><h1><strong>马云消失的这88天都做了什么：一直在学习和思考，且更加坚定</strong></h1><p>马云明告诉100位乡村教师：这段时间，我和同事一直在学习和思考，我们更加坚定了全身心投入教育公益的想法。这不仅仅是因为我自己是老师出身，更重要的是，教育特别是乡村教育关系重大。</p><p>对于普通人来说，这或许只是马云表达自己对于教育事业的敬仰，但是对于国家来说，马云是表达整改治理阿里巴巴的决心，对于股民来说，就是告诉他们阿里巴巴会有一个新气象。</p><p><img src=\"https://p3-tt.byteimg.com/origin/pgc-image/4527a4ddd2244e7c92717a2e9e44114a?from=pc\" alt=\"消失88天后，马云终于露面了\"></p><p><br></p><p>马云一直在学习和思考，难道只是乡村教师和教育事业那么简单吗？88天的蛰伏对于阿里巴巴来说是痛苦的，借助乡村教师表彰大会这个日子，宣布王者归来，重新将腾讯从第一互联网公司的位置上踢走。</p><p>马云是极具市场号召力的，一个简单的线上会议，就使得阿里巴巴市值涨了5.5亿的市值，马云对于更多的人来说，一直都是财富的秘诀，成功的神话，他们愿意追随马云，相信阿里巴巴的一切。</p>', '央视网新闻', 0, 0, 0, '2021-01-24 13:15:10', NULL, '2021-01-24 13:15:10', 0, 1, 1, '', 27);
INSERT INTO `t_ariticle` VALUES (29, '他是淘宝的第1位用户，订单至今挂在阿里大楼内，当年卖了什么？', '他是淘宝的第1位用户，订单至今挂在阿里大楼内，当年卖了什么？', '<p>作为国内互联网领域的领头羊，阿里巴巴拥有上千亿美元的资产，涉及的领域数量也非常的惊人。如今，阿里巴巴仍在拓展海外市场，时至今日的辉煌时刻让很多人感到意外，但谁又会想到，阿里巴巴成立的时候，几度风雨飘摇面临倒闭。</p><p><img src=\"https://p1-tt.byteimg.com/origin/pgc-image/03e1c5cf84c14d7f8437062267e9d9a8?from=pc\" alt=\"他是淘宝的第1位用户，订单至今挂在阿里大楼内，当年卖了什么？\"></p><p><br></p><p>当时，马云每天都在奔波，目的非常简单！为阿里巴巴找到融资，但当时国内互联网还没有成为主流。马云的想法又十分超前，很多人都不敢相信他，甚至认为马云就是一个骗子。可想而知，当时的商业巨头都不敢相信马云的想法，普通消费者更不容易相信。因此，淘宝网成立后，并没有想象中那么顺利。并且当时互联网推广还不是主流，很多人不相信电子商务平台，更不相信通过互联网这个平台，就能完成交易？</p><p><img src=\"https://p1-tt.byteimg.com/origin/pgc-image/e5c00bb9eefa4dbb94cb88fe4b7358f8?from=pc\" alt=\"他是淘宝的第1位用户，订单至今挂在阿里大楼内，当年卖了什么？\"></p><p><br></p><p>不过，既然淘宝已经发展成为国内最大的电子商务平台，那就一定有吃螃蟹的第一人。此前，阿里官方表示，淘宝的第一个用户名叫崔卫平。更重要的是，崔卫平不仅是淘宝的第一个注册用户，也是支付宝的第一个注册用户，同时还是淘宝的第一个卖家，以及淘宝第一位交易成功的用户。当然，这也是马云淘宝当时走向成功的第一步。为了纪念这一意义重大的交易。时至今日，崔卫平使用支付宝进行交易的订单仍挂在支付宝大楼里，激励着每一位员工。那么，有人好奇，当年崔卫平究竟卖了什么？</p><p><img src=\"https://p3-tt.byteimg.com/origin/pgc-image/aea4a11547f143f8aad3e98370b75341?from=pc\" alt=\"他是淘宝的第1位用户，订单至今挂在阿里大楼内，当年卖了什么？\"></p><p><br></p><p>据了解，崔卫平曾经在日本留学日本，因此他对新兴事物的接受度很高。当时，崔卫平手里拿着一台闲置的数码相机，他想尝试在淘宝上卖一下。虽然崔卫平敢于尝试，也有买家看中了崔卫平的二手相机，但交易双方却对彼此保持着怀疑，多次商谈无果下，因此崔卫平的相机并未成功卖出去。</p><p><img src=\"https://p3-tt.byteimg.com/origin/pgc-image/029b412c9eef47939e8d1ad7b2d01650?from=pc\" alt=\"他是淘宝的第1位用户，订单至今挂在阿里大楼内，当年卖了什么？\"></p><p><br></p><p>那个时候，为了方便交易的顺利完成，阿里巴巴还为淘宝、支付宝设计开发了第三方交易平台。支付宝的推出让崔卫平信心倍增，但是买家却依然保持怀疑，为了促成这笔订单，当时的客服甚至用自己的工资做担保，最后买家才放下戒心。就这样，双方的交易已经顺利完成。有了崔卫平的单笔交易，其他想尝试淘宝和支付宝的消费者也信心倍增，不再质疑！</p><p><img src=\"https://p1-tt.byteimg.com/origin/pgc-image/2194627388a1442094f2d8d78ead33f2?from=pc\" alt=\"他是淘宝的第1位用户，订单至今挂在阿里大楼内，当年卖了什么？\"></p><p><br></p><p>此后，淘宝网用户开始急剧增加，甚至出现了几次交易热潮，越来越多的人热衷于在网上交易。交易完成后，崔卫平对淘宝和支付宝的交易流程提出了很多建议。对于崔卫平的建议，马云也欣然接受，并且将反馈纳入之后的修改当中，不断让平台走入正轨，并加强了网络购物的发展。</p>', '央视网新闻', 0, 0, 0, '2021-01-24 13:15:33', NULL, '2021-01-24 13:15:33', 0, 1, 1, '', 27);
INSERT INTO `t_ariticle` VALUES (30, '支付宝推出“发呗”新功能，继花呗，借呗后，马云想再次改变银行', '支付宝推出“发呗”新功能，继花呗，借呗后，马云想再次改变银行', '<p>早在2013年支付宝成立之初时，马云就高调向外表示，银行既然不做出改变，那我们就改变银行。当时，很多人要么对马云的讲话嗤之以鼻，没太当回事，要么觉得马云在吹牛，他怎么可能斗得过银行这样的金融企业！但令人惊讶的是，马云不仅是履行了自己的诺言，而且真的也改变了银行。</p><p>现在很多传统银行都已经“触网”，不仅是把业务从网下搬到了网上，大量削减物理网点，而且还通过网银平台，与支付宝、微信争夺支付市场份额。不过，支付宝和微信现在占据了移动支付平台的主流，现在国内很少有人出去用信用卡刷卡，而用支付宝和微信的人却越来越普及，甚至连路边小商小贩也已经用起了支付宝和微信。</p><p><img src=\"https://p3-tt.byteimg.com/origin/pgc-image/f7614a20c5f3457cbda8d3b7d228948d?from=pc\" alt=\"支付宝推出“发呗”新功能，继花呗，借呗后，马云想再次改变银行\"></p><p><br></p><p>除了银行业丢失了大量支付市场份额外，支付宝平台之前又推出了花呗，花呗的功能类似于信用卡，而与信用卡不同的是，花呗的申请过程简单，而且在40天内还款不收取任何费用，超过规定期限后，再收取利息。这对于购买大件商品准备分期付款的工薪族，以及工资收入全部花光，手里没有现金的月光族带来了福音。90后年轻人主要借钱的平台就是花呗。总之，花呗抢掉了不少银行信用卡的业务。</p><p>此外，还有借呗。借呗争抢的是短期贷款业务，使贷款的业务脱离了银行，同时也迫使银行下调消费者贷款的利率，如果不调整利率，那居民们如果需要在房屋贷款和汽车贷款以外的短期贷款时，通常就会找借呗了。借呗通常做短期消费贷款业务。借呗现在是银行短期贷款的业务都要夺过来。</p><p><img src=\"https://p3-tt.byteimg.com/origin/pgc-image/1b096e96214742089b84990535a18dad?from=pc\" alt=\"支付宝推出“发呗”新功能，继花呗，借呗后，马云想再次改变银行\"></p><p><br></p><p>马云的支付宝不仅抢夺了银行的支付业务、信用卡业务、短期贷款业务之外，近期又推出了一款新的功能，叫发呗。发呗主要是要争抢银行代发工资的业务，现在银行代发工资存在着两大弊端：一个是，如果遇到假期或周末，银行通常会推迟工资转账，所以职工拿到工资可能还要晚几天。</p><p>二个是银行代发工资不是免费的，每代发一笔工资的收费是0.5元至1元，如果附近的机关事业单位和工厂都在这家银行代发工资，银行每个月的收入也是很可观的。代发工资业务被银行称之为中间业务。</p><p><img src=\"https://p3-tt.byteimg.com/origin/pgc-image/1877a5537a714b4f9c2a880d5f9cff0f?from=pc\" alt=\"支付宝推出“发呗”新功能，继花呗，借呗后，马云想再次改变银行\"></p><p><br></p><p>但是，发呗支付工资就好处明显了，如果你使用花呗支付员工工资，即使在节假日或周末，都可以按时付款给员工，不会有延期支付员工薪酬的情况。此外，支付宝已承诺通过代发免掉服务费，来降低公司的成本。而免费和准时发放这两个优点，肯定会让许多中小型企业，都会选择支付宝上面的发呗支付业务，银行的代发工资的业务也会被马云的发呗抢走。</p><p>很多人佩服马云改变了国内的银行业，实际上不是马云改变了银行业，而是互联网金融的大变局的趋势，改变了银行业。现在大环境需要金融业的全面竞争，这样才能向客人提供更好、更优质的服务。</p><p><img src=\"https://p6-tt.byteimg.com/origin/pgc-image/aae00f31abd848f780a08b3ffbdf78b3?from=pc\" alt=\"支付宝推出“发呗”新功能，继花呗，借呗后，马云想再次改变银行\"></p><p><br></p><p>同时，互联网金融已经席卷中国，传统的银行业封闭了几十年，如果不改变就要被淘汰，在此大背景下，马云改变了国内银行业，使国内银行业更加具有竞争力，更具有金融创新的能力。相信发呗代付工资功能的推出，银行马上也会改善自己的服务质量，更好地为企业和职工服务。</p>', '央视网新闻', 0, 0, 0, '2021-01-24 13:15:59', NULL, '2021-01-24 13:15:59', 0, 1, 1, '', 27);
INSERT INTO `t_ariticle` VALUES (31, '被接连暴击的拼多多，到底怎么了？', '每个巨头互联网企业的成长过程，都不可能一帆风顺，往往面临很多批评和争议。新生的淘宝在发展之初，被假货的阴霾所笼罩；美团从千团大战中杀出，如今却被认为是“吸血平台”；滴滴看似发展势头不错，但顺风车业务始终让其疲于奔命，甚至成为被批评的重要原因……巨头的成长，着实不易。', '<article><p>每个巨头互联网企业的成长过程，都不可能一帆风顺，往往面临很多批评和争议。新生的淘宝在发展之初，被假货的阴霾所笼罩；美团从千团大战中杀出，如今却被认为是“吸血平台”；滴滴看似发展势头不错，但顺风车业务始终让其疲于奔命，甚至成为被批评的重要原因……巨头的成长，着实不易。</p><p>如果说这些互联网巨头往往是因为业务而处于舆论漩涡中，那么近段时间的拼多多则“得罪”了重要的两个群体——员工与用户。因员工猝死、解约发帖员工、远程删除用户照片、退出春晚红包互动项目等，拼多多被推上舆论的风口浪尖，接连遭遇暴击。流年不利的拼多多，到底是怎么了？</p><p><img src=\"https://p1-tt.byteimg.com/origin/pgc-image/6b919412ecbd4f13a571cfc1ae0fcc2b?from=pc\" alt=\"被接连暴击的拼多多，到底怎么了？\"></p><p><br></p><p><br></p><p><strong>猝死、解约、删照片……流年不利的拼多多</strong></p><p>2021年，拼多多开局不利。正所谓，福无双至，祸不单行。拼多多接连遭遇暴击，出乎人们的预料之外。毕竟此前拼多多一直处在飞驰的赛道上，市值、股价不断创新高。但近期发生的一连串事件，给拼多多浇了几盆冷水。</p><p>简单回顾一下，先是拼多多23岁年轻女员工加班猝死一事成为热议焦点。人们在对这个年轻生命惋惜的时候，又对拼多多不置可否的态度深恶痛绝，并迅速引发全民对拼多多的批评。</p><p>此事尚未结束，又一个悲剧出现——一位入职半年多的拼多多员工在自家家中自杀。随后拼多多的另一位员工因为在网上发信息声称看到“救护车照片”，而被拼多多解约。最近的一件事，则是网友称因为截图要揭发拼多多的套路，被后者远程删除相册图片。</p><p>接二连三出现的负面事件，让拼多多彻底被暴击。每一次，拼多多似乎都在做出错误的选择、回应，这也让舆论的怒火叠加起来，最终形成一个喷涌而出的火山。这座火山喷发的“岩浆”让拼多多很受伤，如今市值蒸发了数百亿元。</p><p><strong>拼命追求利益，让拼多多被冲昏头脑</strong></p><p>拼多多看似遭遇“水逆”、流年不利，其实归根结底还在于自身过于追求利益。如，员工猝死看似是偶然性事件，其实却有一定的必然。据了解，拼多多上市后，曾有员工在内部会议上向黄峥发问称，“上市了会有双休吗？”黄峥的回答是——“没有”。2019年，黄峥还在拼多多成立4周年大会上宣布，近一年不会大小休。</p><p>而为了抢占社区团购这一风口，拼多多更是“拼了”。拼多多的员工每个月得至少工作300个小时，其中买菜部门员工则被要求每月至少380个小时。工时不够会被约谈，被问是不是工作需求不饱和。</p><p>此外，拼多多内部的工作氛围非常压抑。据悉，拼多多的员工就连上厕所都没有“自由”。甚至有拼多多内部员工吐槽称，“在拼多多，上厕所比上王者还难”。而且所有超过3天的法定节假日，员工必须提前返工，否则要请假。以2020年国庆-中秋8天假为例，拼多多员工只放了5天。同时，拼多多的各种规章制度随意变动，调薪、年终奖在无任何说明的情况下被延后一个月。</p><p>被利益、资本冲昏头脑的拼多多，自身已经愈发“无情”。负面事件频发，自然也就在情理之中了。</p><p><strong>埋头狂奔不可取，互联网巨头应肩负责任</strong></p><p>当雪崩之时，没有一片雪花是无辜的。近段时间以来，众多互联网巨头都在被口诛笔伐，甚至被监管盯上。如，当国外互联网企业挑战科技前沿时，国内互联网巨头却纷纷杀入社区团购领域，凭借自身实力抢菜贩子、菜市场的生意。这也让针对互联网巨头的反垄断举措，在加速落地。其实这也给互联网巨头敲响了警钟，必须要让竞争的理念回归本源。</p><p>至于像拼多多这样发生诸多负面事件，在众多互联网巨头身上其实也不少见，甚至成为“集体性事件”。典型的案例，就是“996是一种福报”。为了埋头狂奔，互联网巨头舍弃了太多应负的责任。</p><p>如果想在以后尽量避免再出现类似事件，并让自身处于良性的发展道路上，互联网巨头要肩负起应尽的责任，努力维护员工、用户的利益。只有平衡多方的权益，互联网巨头才能真正被人所尊敬——而不是在骂声中把钱赚了。（科技新发现 康斯坦丁/文）</p></article><p><br></p><p><br></p><p><i></i></p>', '央视网新闻', 0, 0, 0, '2021-01-24 13:16:24', NULL, '2021-01-24 13:16:24', 0, 1, 1, '', 27);
INSERT INTO `t_ariticle` VALUES (32, '中国共产党第十九届中央纪律检查委员会第五次全体会议公报', '中国共产党第十九届中央纪律检查委员会第五次全体会议公报\n（2021年1月24日中国共产党第十九届中央纪律检查委员会第五次全体会议通过）', '<p>新华社北京1月24日电</p><p>中国共产党第十九届中央纪律检查委员会第五次全体会议公报<br>（2021年1月24日中国共产党第十九届中央纪律检查委员会第五次全体会议通过）</p><p>中国共产党第十九届中央纪律检查委员会第五次全体会议，于2021年1月22日至24日在北京举行。出席这次全会的有中央纪委委员133人，列席253人。</p><p>中共中央总书记、国家主席、中央军委主席习近平出席全会并发表重要讲话。李克强、栗战书、汪洋、王沪宁、赵乐际、韩正等党和国家领导人出席会议。</p><p><img src=\"https://p3-tt.byteimg.com/origin/pgc-image/f8a480cb7cdf4e5d90bed2675d27cd37?from=pc\" alt=\"中国共产党第十九届中央纪律检查委员会第五次全体会议公报\"></p><p><br></p><p>全会由中央纪律检查委员会常务委员会主持。全会以习近平新时代中国特色社会主义思想为指导，全面贯彻党的十九大和十九届二中、三中、四中、五中全会精神，总结2020年纪检监察工作，部署2021年任务，审议通过了赵乐际同志代表中央纪委常委会所作的《推动新时代纪检监察工作高质量发展，以优异成绩庆祝中国共产党成立100周年》工作报告。</p><p>全会认真学习、深刻领会习近平总书记重要讲话。一致认为，讲话充分肯定过去一年全面从严治党取得新的重大成果，深刻阐述全面从严治党新形势新任务，强调全面从严治党首先要从政治上看，不断提高政治判断力、政治领悟力、政治执行力，一刻不停推进党风廉政建设和反腐败斗争，充分发挥全面从严治党的引领保障作用，以强有力的政治监督，确保“十四五”时期目标任务落到实处。讲话高屋建瓴、思想深邃、内涵丰富，充分彰显了以习近平同志为核心的党中央高瞻远瞩的战略眼光、始终如一的历史担当、为民无我的崇高境界、兴党强国的使命情怀，具有很强的政治性、思想性、指导性，是推进全面从严治党向纵深发展的重要遵循，是新时代纪检监察工作高质量发展的行动指南。习近平总书记对纪检监察干部队伍寄予殷切期望，提出明确要求。要深入学习贯彻习近平总书记重要讲话精神，自觉把思想和行动统一到党中央决策部署上来，旗帜鲜明讲政治，知责于心、担责于身、履责于行，坚决把全会部署的各项任务落实到位。</p><p><img src=\"https://p3-tt.byteimg.com/origin/pgc-image/aebee761adea4d8c95bfa230089b867f?from=pc\" alt=\"中国共产党第十九届中央纪律检查委员会第五次全体会议公报\"></p><p><br></p><p>全会指出，2020年，面对错综复杂的国际形势、艰巨繁重的改革发展稳定任务特别是突如其来的新冠肺炎疫情，以习近平同志为核心的党中央统筹中华民族伟大复兴战略全局和世界百年未有之大变局，团结带领全党全国各族人民统筹推进“五位一体”总体布局，协调推进“四个全面”战略布局，攻坚克难、化危为机，砥砺前行、开拓创新，百折不挠办好自己的事，推动党和国家各项事业取得新的重大成就，充分彰显党的领导和中国特色社会主义制度的显著优势。在党中央坚强领导下，中央纪委国家监委和地方各级纪委监委坚持不懈学懂弄通做实习近平新时代中国特色社会主义思想，以高度政治自觉担负起“两个维护”重大责任，坚持严的主基调，稳中求进、坚定稳妥，在防控疫情斗争、决胜全面建成小康社会、决战脱贫攻坚等大战大考中忠诚履职尽责，纪检监察工作高质量发展深入推进。紧紧围绕党中央重大决策部署贯彻落实情况强化政治监督，锲而不舍落实中央八项规定及其实施细则精神，持续纠治形式主义、官僚主义，防止享乐主义、奢靡之风反弹回潮。坚守政治巡视定位，抓好巡视整改和成果运用，完善巡视巡察上下联动工作机制。深化纪检监察体制改革，发挥专责监督作用，促进党内监督同其他监督贯通协同，着力破解对“一把手”监督和同级监督难题。坚持一体推进不敢腐、不能腐、不想腐战略目标，坚决查处政治问题和经济问题交织的腐败案件，深化金融、国企、政法等领域反腐败工作，着力整治群众身边腐败和作风问题，精准运用“四种形态”，扎实做好以案促改。加强纪检监察机关自身建设，强化自我约束，自觉接受监督，坚决防止“灯下黑”。全会总结了过去一年实践中形成的认识，在肯定成绩的同时，实事求是分析了纪检监察工作和干部队伍建设存在的主要问题，要求高度重视、切实加以解决。</p><p>全会提出，2021年是实施“十四五”规划、开启全面建设社会主义现代化国家新征程的第一年，也是我们党成立100周年。做好纪检监察工作，要以习近平新时代中国特色社会主义思想为指导，全面贯彻党的十九大和十九届二中、三中、四中、五中全会精神，增强“四个意识”、坚定“四个自信”、做到“两个维护”，坚持稳中求进工作总基调，立足新发展阶段，贯彻新发展理念，构建新发展格局，以推动高质量发展为主题，坚定不移全面从严治党，坚持和完善党和国家监督体系，忠实履行党章和宪法赋予的职责，有力推动党中央决策部署有效落实，围绕现代化建设大局发挥监督保障执行、促进完善发展作用，一体推进不敢腐、不能腐、不想腐，深化纪检监察体制改革，扎实推进规范化法治化建设，切实加强干部队伍建设，为“十四五”开好局提供坚强保障，以优异成绩庆祝建党100周年。</p><p>全会要求，各级纪检监察机关要深入学习贯彻党的十九届五中全会精神，坚定维护习近平总书记党中央的核心、全党的核心地位，坚定维护党中央权威和集中统一领导，更加突出政治监督，更加突出高质量发展主题，更加突出整治群众身边腐败和作风问题，更加突出发挥监督治理效能，更加突出严管厚爱结合、激励约束并重，使正风肃纪反腐更好适应现代化建设需要，使监督体系更好融入国家治理体系，释放更大治理效能，在开启全面建设社会主义现代化国家新征程中发挥重要作用。</p><p>第一，自觉践行“两个维护”，以强有力的政治监督保障“十四五”规划顺利实施。深入学习贯彻习近平新时代中国特色社会主义思想，提高运用马克思主义立场、观点、方法分析解决实际问题能力。围绕贯彻新发展理念、构建新发展格局、推动高质量发展、深化供给侧结构性改革、提高人民生活品质、守住安全发展底线等重大决策，围绕巩固拓展疫情防控和经济社会发展成果、强化国家战略科技力量、增强产业链供应链自主可控能力、坚持扩大内需战略基点等重点任务，围绕解决好“三农”问题、加快农业农村现代化等部署要求，加强监督检查，督促落实落地。推进纪检监察工作理念、思路、制度、机制创新，深入实践探索服务保障现代化建设的有效举措，大力推进清廉建设，营造风清气正的政治生态和良好发展环境。</p><p>第二，坚定不移深化反腐败斗争，一体推进不敢腐、不能腐、不想腐。重点查处政治问题和经济问题交织的腐败案件，聚焦政策支持力度大、投资密集、资源集中的领域和环节，坚决查处基础设施建设、项目审批、国企改革、公共资源交易、科研管理等方面的腐败问题。深化金融领域反腐败工作，持续惩治国有企业腐败问题，加大对政法系统腐败惩治力度，深入推进反腐败国际合作和国际追逃追赃。深化标本兼治，做实以案促改、以案促治。</p><p>第三，深化整治形式主义、官僚主义顽瘴痼疾，让求真务实、清正廉洁的新风正气不断充盈。持之以恒落实中央八项规定及其实施细则精神，对贯彻党中央决策部署做选择、搞变通、打折扣等形式主义、官僚主义突出问题精准施治，严查享乐主义、奢靡之风。督促落实规范领导干部配偶、子女及其配偶经商办企业行为规定，推动以上率下、严格执行。教育引导党员领导干部坚决反对特权思想和特权行为，严格管好家属子女，严格家风家教。</p><p>第四，持续整治群众身边腐败和不正之风，促进社会公平正义、保障群众合法权益。加强对惠民富民、促进共同富裕政策措施落实情况监督检查，强化对巩固“四个不摘”政策成果的监督，保障同乡村振兴有效衔接，持续纠治教育医疗、养老社保、生态环保、安全生产、食品药品安全、执法司法等领域腐败和作风问题，坚决惩处涉黑涉恶“保护伞”，完善民生领域损害群众利益问题治理机制。</p><p>第五，推进巡视巡察上下联动，充分发挥党内监督利剑和密切联系群众纽带作用。精准落实政治巡视要求，深化巡视巡察整改和成果运用，探索建立整改促进机制、评估机制。加强对省区市巡视工作的指导督导，推动市县巡察向基层延伸。</p><p>第六，促进各类监督贯通融合，不断增强监督治理效能。压紧压实党组织管党治党政治责任和书记第一责任人责任。做深日常监督，推动监督下沉、监督落地、监督于问题未发之时，强化对“一把手”和领导班子监督。严明换届纪律，严肃查处拉票贿选、买官卖官、跑官要官等行为。坚持惩前毖后、治病救人，深化运用“四种形态”，做到“三个区分开来”。精准规范用好问责利器。严格执行党员权利保障条例，激发党员干部干事创业内生动力。</p><p>第七，抓深抓实纪检监察体制改革，有效推进党内监督和国家监察全覆盖。发挥改革先导、突破、创立作用，统筹推进党中央确定的纪检监察体制改革任务。研究制定中国共产党纪律检查委员会工作条例、查办党员和公职人员涉嫌违纪职务违法职务犯罪案件协作配合办法，促进规范化法治化建设。</p><p>第八，从严从实加强自我监督约束，建设政治素质高、忠诚干净担当、专业化能力强、敢于善于斗争的纪检监察铁军。带头旗帜鲜明讲政治，带头提高政治判断力、政治领悟力、政治执行力，强化纪法意识、纪法思维、纪法素养，提高专业化水平。自觉接受最严格的约束和监督，严格执行监督执纪工作规则、监督执法工作规定，坚决防止家人、亲属利用纪检监察干部影响谋取私利，持续整治“灯下黑”，以铁一般的纪律作风锻造纪检监察队伍。</p><p>全会按照党章规定，选举喻红秋、傅奎同志为中共中央纪律检查委员会常务委员会委员、副书记。</p><p>全会号召，要更加紧密地团结在以习近平同志为核心的党中央周围，勠力同心、锐意进取，推动全面从严治党、党风廉政建设和反腐败斗争向纵深发展，为庆祝建党100周年，决胜全面建成小康社会、夺取全面建设社会主义现代化国家新胜利作出更大贡献！</p>', '央视网新闻', 0, 0, 0, '2021-01-25 07:42:17', NULL, '2021-01-25 07:42:17', 0, 1, 1, '', 27);
INSERT INTO `t_ariticle` VALUES (33, '习近平总书记在十九届中央纪委五次全会上的重要讲话引起热烈反响', '央视网消息（新闻联播）：习近平总书记在十九届中央纪委五次全会上发表重要讲话，充分肯定过去一年全面从严治党取得新的重大成果，强调充分发挥全面从严治党引领保障作用，确保“十四五”时期目标任务落到实处。各地干部群众表示，要深入学习贯彻总书记重要讲话精神，把严的主基调长期坚持下去，不断实现不敢腐、不能腐、不想腐一体推进战略目标。', '<article><p><strong>央视网消息</strong>（新闻联播）：习近平总书记在十九届中央纪委五次全会上发表重要讲话，充分肯定过去一年全面从严治党取得新的重大成果，强调充分发挥全面从严治党引领保障作用，确保“十四五”时期目标任务落到实处。各地干部群众表示，要深入学习贯彻总书记重要讲话精神，把严的主基调长期坚持下去，不断实现不敢腐、不能腐、不想腐一体推进战略目标。</p><p>习近平总书记指出，让广大人民群众深切感受到，风雨袭来时，党的坚强领导、党中央的权威是最坚实的靠山。在疫情防控的一线、决战脱贫攻坚的战场，广大党员干部冲锋在前，大家表示，要通过自己的工作，不断增强人民群众的获得感、幸福感、安全感。</p><p><img src=\"https://p1-tt.byteimg.com/origin/pgc-image/4b93cd4eb0b645a1b76baf782719e527?from=pc\" alt=\"习近平总书记在十九届中央纪委五次全会上的重要讲话引起热烈反响\"></p><p><br></p><p>习近平总书记强调，党的十八大以来，尽管党风廉政建设和反腐败斗争取得了历史性成就，但形势依然严峻复杂。反腐败没有选择，必须知难而进，一刻不停推进党风廉政建设和反腐败斗争。</p><p>今年是“十四五”的开局之年，大家表示，要深入贯彻全面从严治党方针，永葆初心、牢记使命，锐意进取、真抓实干，奋力夺取全面建设社会主义现代化国家新胜利。</p></article><p><br></p><p></p><p><i></i>收藏</p>', '央视网新闻', 0, 0, 0, '2021-01-25 07:42:51', NULL, '2021-01-25 07:42:51', 0, 1, 1, '', 27);
INSERT INTO `t_ariticle` VALUES (34, '中印第九轮军长级会谈！印防长宣称不会妥协，但有信心通过谈判找到解决方案', '【环球时报驻印度特派记者 胡博峰】时隔两个多月后，中印第九轮军长级会谈当地时间24日上午在中印实控线中方一侧会谈点举行。《印度快报》援引消息人士的话称，“会谈是在中方回应印方相关备忘录后作出的安排”，“第八轮会谈至今，双方始终通过热线电话和其他工作机制保持沟通，防止现地出现任何突发事件”。', '<p>【环球时报驻印度特派记者 胡博峰】时隔两个多月后，中印第九轮军长级会谈当地时间24日上午在中印实控线中方一侧会谈点举行。《印度快报》援引消息人士的话称，“会谈是在中方回应印方相关备忘录后作出的安排”，“第八轮会谈至今，双方始终通过热线电话和其他工作机制保持沟通，防止现地出现任何突发事件”。</p><p>据《印度时报》报道，印度第14兵团司令梅农和中国南疆军区司令员柳林分别代表印中双方主持会谈。此前印度军方高官表示，双方目前暂时无法就脱离接触的细节达成共识，“因为中方坚持要求印方从楚舒尔制高点撤出”。截至发稿，尚未有涉及会谈内容的消息披露。</p><p>在第九轮军长级会谈举行前一天，印度国防部长辛格接受印度TimesNow电视台采访时表示，“除非中方率先撤军，否则印度不会减少在边境地区部署的军力”。他强调，印度正在印中边境地区以“非常快的速度”开展基础设施建设，“中方多次对此表示反对”，“但我们在维护印度主权和领土完整方面绝不会妥协”。他在谈到印中边境对峙时说，“我们有信心通过谈判的方式找到解决方案”“但就目前而言，我们没有对会谈设置时间表”。他还透露，中方起初提议于1月19日举行新一轮军长级会谈，“我们（印方）在此之前的一天（即18日）收到了这一信息，因此要求中方将会谈推迟至23日或24日”“印度始终对会谈敞开大门”。</p><p>在23日举行的印度空军与法国空军“沙漠骑士2021”联合军演新闻发布会上，印度空军参谋长巴达乌里亚则再次对华强硬喊话。据《印度时报》报道，巴达乌里亚称，“如果中国试图侵略印度，我们将以牙还牙”。在被问及是否在印中东部边境地区也举行了类似双边联合军演时，他说：“双边军演不针对任何特定国家，而是旨在提升（印度与有关国家之间的）军事操作性和双边关系”。他还称，印度空军当前的发展愿景是将所有最新技术用于第五代战机研发和制造。印度此前与法国达成军购协议，进口总计36架“阵风”战机。其中，8架战机已经运抵印度并被部署在靠近巴基斯坦和中国边境的空军基地。</p><p>印度陆军北部战区前司令胡达24日接受当地媒体采访时表示，“不要指望印中边境对峙能够一蹴而就地解决”。印度《国家先驱报》报道称，胡达认为，双方自1975年以来首次在边境地区鸣枪，“足以显示问题的严重性”。他说，班公湖本身的战略价值并不大，更多体现的是双方对实控线的“不同认知”，换句话说是领土归属的主权问题。因此，两国都不太可能在当前强硬立场下表现出任何“软弱或让步的姿态”。他强调，任何开战的言论都是不负责任的，双方也显然并不愿通过这种极端的方式解决问题，但数万士兵在边境地区聚集，总会在局部地区带来爆发冲突的风险。</p><p>在中印边境持续对峙的背景下，印度将于2月4日主持召开印度洋地区国家国防部长会议。据PRINT新闻网报道，此次会议的重点是讨论安全与合作问题，印度希望向印度洋地区国家出售一批该国研发的新防务装备。印度国防安全部门消息人士称，该会议是下月在班加罗尔举行的航空展活动的一部分，“邀请函已发至28个国家和地区，他们可以自行选择通过视频方式出席或是派员来印参会”。消息人士称，印度洋地区对印度的战略地位至关重要，印度认为该地区是其势力范围的自然延伸。印媒称，此次印度洋地区国家国防部长会议恰逢中国在印度洋进行的科考活动愈发引起印度注意之际，再加上双方当前处于边境对峙的敏感时刻，两国在印度洋地区的一举一动都会被对方所关注。</p><p>印度地缘战略专家拉纳德24日接受《环球时报》记者采访时表示，印中目前似乎很难在边境对峙谈判中作出具有实质意义的让步，“这导致谈判存在陷入瓶颈的可能”“第八轮与第九轮军长级会谈之间相隔两个多月之久就是证据之一”。他认为，如果双方无法尽快就“哪方率先撤军”“如何划定非军事缓冲区范围”“脱离接触后采用何种双方都能接受的巡逻机制”等达成一致，开春之后的长期对峙或许在所难免。他强调，通过对话和平解决当前对峙是双方都认可的方式，但边境紧张局势将不可避免地影响两国关系的其他方面，甚至可能导致整个地区局势因此承压。</p>', '环球网', 1, 0, 0, '2021-01-25 07:44:02', NULL, '2021-01-25 07:44:02', 0, 1, 1, '', 29);
INSERT INTO `t_ariticle` VALUES (35, '比利时布鲁塞尔首都大区一中学出现聚集性感染 已有4名教师确认感染变异新冠病毒', '当地时间24日，据多家比利时媒体援引比利时布鲁塞尔首都大区圣米歇尔中学发布的公告，该校出现新冠病毒聚集性感染，有大批教师被要求隔离并接受病毒检测。目前，已有4名教师确认感染变异新冠病毒，感染人数可能会进一步上升。', '<p>当地时间24日，据多家比利时媒体援引比利时布鲁塞尔首都大区圣米歇尔中学发布的公告，该校出现新冠病毒聚集性感染，有大批教师被要求隔离并接受病毒检测。目前，已有4名教师确认感染变异新冠病毒，感染人数可能会进一步上升。</p><p><img alt=\"\" src=\"https://rs-channel.huanqiucdn.cn/imageDir/903fe3165da6341c496e1eb598d8e328.png\"></p><p>与此同时，该校接触过受感染教师的270名学生也被要求隔离并接受病毒检测，全校班级至少在接下来一周转为远程授课。据了解，这所中学总共6个年级有1544名学生和160名教师。（总台记者 邹合义）</p>', '环球网', 1, 0, 0, '2021-01-25 07:44:34', NULL, '2021-01-25 07:44:34', 0, 1, 1, '', 29);
INSERT INTO `t_ariticle` VALUES (36, '参与美国国会暴乱事件的两名男子被捕', '据美国司法部当地时间1月14日的消息，在1月6日国会大厦遭冲击事件中用灭火器袭击国会警察的男子罗伯特·桑福德（Robert Sanford）于14日上午在宾夕法尼亚州被捕。另据执法官员称，另一名6日被拍到在国会大厦内手持邦联旗帜（Confederate flag）的男子也于14日被逮捕。', '<p>据美国司法部当地时间1月14日的消息，在1月6日国会大厦遭冲击事件中用灭火器袭击国会警察的男子罗伯特·桑福德（Robert Sanford）于14日上午在宾夕法尼亚州被捕。另据执法官员称，另一名6日被拍到在国会大厦内手持邦联旗帜（Confederate flag）的男子也于14日被逮捕。</p><p><img alt=\"△罗伯特·桑福德\" src=\"https://rs-channel.huanqiucdn.cn/imageDir/9151d5fd8143d54aec1fb0973a7a8618.png\"></p><p>△罗伯特·桑福德</p><p>据执法官员表示，手持邦联旗并被拍下照片的男子已被确认为是来自特拉华州的凯文·西弗里德（Kevin Seefried）。</p><p><img alt=\"△凯文·西弗里德\" src=\"https://rs-channel.huanqiucdn.cn/imageDir/c38e4afbc4d3d4fdffc71ab9a07f33db.png\"></p><p>△凯文·西弗里德</p><p>而用灭火器袭击国会警察的罗伯特·桑福德已经在13日被提起诉讼，根据法院文件，他被控未经授权非法进入或留在禁区建筑物或场地、在国会大厦的无秩序或破坏性行为、公民暴乱及攻击、抵抗或阻碍执法人员4项与国会大厦遭冲击事件相关罪名。（央视记者 徐德智）</p>', '环球网', 0, 0, 0, '2021-01-25 07:45:12', NULL, '2021-01-25 07:45:12', 0, 1, 1, '', 29);
INSERT INTO `t_ariticle` VALUES (37, '埃及开始为医护人员接种中国国药集团新冠疫苗', '新华社埃及伊斯梅利亚1月24日电（记者李碧念）埃及卫生与人口部部长哈拉·扎耶德24日宣布，埃及将于25日开始为医护人员接种中国国药集团新冠灭活疫苗。', '<article><p>新华社埃及伊斯梅利亚1月24日电（记者李碧念）埃及卫生与人口部部长哈拉·扎耶德24日宣布，埃及将于25日开始为医护人员接种中国国药集团新冠灭活疫苗。</p><p>扎耶德当天在伊斯梅利亚省阿布·哈利法急诊医院举行的新闻发布会上说，埃及所有公立医院、警察和军队的医护人员将于25日开始接种国药集团新冠疫苗，负责新冠患者诊治的医护人员优先。在医护人员之后，老年人、慢性病和免疫系统疾病患者将开始接种，最后是普通人群接种。</p><p>扎耶德说，国药集团新冠疫苗在埃及药品管理局已完成注册，还有3种新冠疫苗将在未来几天完成注册。此外，埃及还通过全球疫苗免疫联盟等途径预约了1亿剂新冠疫苗。</p><p>埃及卫生部专家委员会成员、埃及国家研究中心病毒学教授穆罕默德·艾哈迈德·阿里在新闻发布会上表示，国药集团新冠疫苗在埃及进行了临床试验，“我可以保证疫苗的安全性和有效性”。</p><p>阿布·哈利法急诊医院实习医生阿卜杜勒·穆奈姆·萨利姆当天接种了国药集团新冠疫苗，成为首批接种该疫苗的埃及医护人员之一。他表示，相信国药集团新冠疫苗是安全和有效的，推荐民众尽可能使用。</p><p>2020年12月31日，中埃两国签署《中埃关于新冠病毒疫苗合作意向书》。今年1月2日，埃及正式批准在埃紧急使用国药集团新冠疫苗。</p><p>埃及卫生部发布的最新数据显示，截至24日，埃及累计新冠确诊病例161817例，累计死亡病例8959例，累计治愈病例126497例。（完）</p></article><p><br></p><p><br></p><p><i></i></p>', '环球网', 0, 0, 0, '2021-01-25 07:46:20', NULL, '2021-01-25 07:46:20', 0, 1, 1, '', 29);
INSERT INTO `t_ariticle` VALUES (38, '以色列驻阿联酋大使馆正式开放', '新华社耶路撒冷1月24日电（记者尚昊）以色列外交部24日宣布，以色列驻阿拉伯联合酋长国大使馆当天在阿联酋首都阿布扎比正式开放。', '<p>新华社耶路撒冷1月24日电（记者尚昊）以色列外交部24日宣布，以色列驻阿拉伯联合酋长国大使馆当天在阿联酋首都阿布扎比正式开放。</p><p>以色列外交部在一份声明中说，大使馆的设立将促进以色列与阿联酋的全面关系，并扩大两国政府、经济实体、私营部门、学术界、媒体等的联系。以色列外交部长阿什克纳齐在声明中表示，阿联酋政府当天决定在以色列开设大使馆，以色列方面对此表示欢迎。</p><p>声明说，以色列驻摩洛哥首都拉巴特的联络处和驻阿联酋城市迪拜的总领事馆有望在未来几天开放。</p><p>在美国撮合下，自去年8月以来，阿联酋、巴林、苏丹、摩洛哥4个阿拉伯国家相继宣布同以色列实现关系正常化。相关协议遭巴勒斯坦各方反对。（完）</p>', '环球网', 0, 0, 0, '2021-01-25 07:46:47', NULL, '2021-01-25 07:46:47', 0, 1, 1, '', 29);
INSERT INTO `t_ariticle` VALUES (39, '夜读 | 一个人最好的状态：不念过去，不畏将来', '路过幼儿园时我听到好友说：“真羡慕那些小孩子每天无忧无虑的，不像咱们满脑子都是烦恼。”\n\n我拍了拍她的肩膀，安慰道：“你完全可以不要自扰，放下烦恼，保持童真就好。”', '<p>路过幼儿园时我听到好友说：“真羡慕那些小孩子每天无忧无虑的，不像咱们满脑子都是烦恼。”</p><p>我拍了拍她的肩膀，安慰道：“你完全可以不要自扰，放下烦恼，保持童真就好。”</p><p><strong>过去的回忆让人心生牵挂，未知的未来有时会让人局促不安，可如果让回忆支配生活，回不到过去也踏不进未来，一直在原地兜圈，会错过很多绝妙的风景。</strong></p><p><img src=\"https://p1-tt.byteimg.com/origin/pgc-image/SN2UTsmEd6m9MZ?from=pc\" alt=\"夜读 | 一个人最好的状态：不念过去，不畏将来\"></p><p>名家画廊 | 黄居寀</p><p><img src=\"https://p3-tt.byteimg.com/origin/pgc-image/SKmXGbHFT9rAzU?from=pc\" alt=\"夜读 | 一个人最好的状态：不念过去，不畏将来\"></p><p>我参加过一个创业成功人士的分享会。很难想象，台上那个眉飞色舞神采奕奕跟我们讲述创业成功经验的人，四年前他的事业完全跌入谷底。</p><p>四年前，他第一次创业失败，欠下很多债，他把房子卖了、车抵押了，银行贷款还是没还清，供应商也天天追着他讨债。</p><p>他一度陷入了焦虑和恐慌，东借西凑还是债台高筑，经常食不果腹，一大家子人也跟着一起受苦。</p><p>那时候，他为了借钱天天卖惨，一边吹嘘自己创业有多厉害，一边抱怨自己运气不佳。他靠着亲戚们的救济度日，总是懊悔创业一步错，步步错。</p><p>一开始，亲戚朋友们能帮则帮，但是卖惨次数多了，关系再好的亲戚朋友，也开始躲着他。</p><p>“如果能重来，那该有多好！”这是他连做梦都想说的话。</p><p>有一天，读小学的女儿指着一行字让他解释，只见小手指的是：“不念过往，不畏将来。”</p><p>“不念过往，就是说不要对过去太过执念，不畏将来，就是说不管将来怎样，都不要有所惧怕。”他耐心地解释着。与其说是解释给女儿听，倒不如说是他用来开导自己。</p><p>那一刻，他觉得自己真是个懦夫，即使第一次创业因为资金链断裂而破产失败，也不是没有翻身的机会啊！毕竟自己掌握了这么多资源和人脉，完全没有必要自怨自艾。</p><p>于是，他重整旗鼓，利用前期积累的资源，抓住时机，打了一个漂亮的翻身仗，那句“不念过往，不畏将来”也成为他的座右铭。</p><p><strong>生活从来都不会亏待任何人，而我们要做的就是不悔恨过去、不浪费现在、怀揣梦想去面对未来。</strong></p><p><img src=\"https://p1-tt.byteimg.com/origin/pgc-image/SN2UTuIHQyxcnI?from=pc\" alt=\"夜读 | 一个人最好的状态：不念过去，不畏将来\"></p><p>名家画廊 | 黄居寀</p><p><img src=\"https://p3-tt.byteimg.com/origin/pgc-image/SKmXH3CDV7BpCN?from=pc\" alt=\"夜读 | 一个人最好的状态：不念过去，不畏将来\"></p><p>日常生活中人们经常纠结于过去和未来，不必纠结，要不念过去，不畏将来，不要忘记了应该一如既往地热爱生活。</p><p><strong>该轮到我们承担责任的时候，勇敢些，无论生活多么艰难，请相信没有迈不过去的坎，与其停留在过去、惧怕未来，不如放手一搏，图个不留遗憾。</strong></p><p>“不悲过去，非贪未来，心系当下。”这便是一个人最好的状态。</p><p><strong>（收看收听更多《夜读》文章，</strong><strong>请下载新华社客户端、</strong><strong>关注新华社微信公众号。）</strong></p><p><img src=\"https://p1-tt.byteimg.com/origin/pgc-image/RLN7dyEDSeyPY7?from=pc\" alt=\"夜读 | 一个人最好的状态：不念过去，不畏将来\"></p><p>主播 | 李林欣</p><p>作者：恋小暖 来源：恋小暖（ID：doubibi2525）</p><p>监审：葛素表</p><p>监制：何莉、吴炜玲</p><p>编辑：王朝、李永锡、赵世芸</p><p>美术设计：赵丹阳</p><p>实习生：纪玮晨</p><p>©新华社新媒体中心、新华社音视频部</p>', '新华社', 1, 0, 0, '2021-01-25 07:48:42', NULL, '2021-01-25 07:48:42', 0, 1, 1, '', 28);
INSERT INTO `t_ariticle` VALUES (40, '世卫组织：全球累计新冠确诊病例达97464094例', '新华社日内瓦1月24日电（记者刘曲）世界卫生组织24日公布的最新数据显示，全球累计新冠确诊病例达97464094例。', '<article><p>新华社日内瓦1月24日电（记者刘曲）世界卫生组织24日公布的最新数据显示，全球累计新冠确诊病例达97464094例。</p><p>世卫组织网站最新数据显示，截至欧洲中部时间24日15时43分（北京时间22时43分），全球确诊病例较前一日增加577301例，达到97464094例；死亡病例增加13688例，达到2112689例。（完）</p></article><p><br></p><p><br></p><p><i></i></p>', '新华社', 1, 0, 0, '2021-01-25 07:49:15', NULL, '2021-01-25 07:49:15', 0, 1, 1, '', 28);
INSERT INTO `t_ariticle` VALUES (41, 'BigDecimal 加减乘除、保留小位数', '作为工作中常用的精准计算小数BigDecimal,大家是不是经常网上查询BigDecimal用法。在这篇文章，会把基本用法写出来！', ' <p>一、加减乘除</p><pre type=\"Java\"><code><xmp>public BigDecimal add(BigDecimal value); //加法 \n\npublic BigDecimal subtract(BigDecimal value); //减法 \n\npublic BigDecimal multiply(BigDecimal value); //乘法\n\npublic BigDecimal divide(BigDecimal value); //除法</xmp></code></pre><p>二、<font size=\"2\">保留小位数</font></p><pre type=\"Java\"><code><xmp>BigDecimal.setScale()   //方法用于格式化小数点</xmp></code></pre><p>示例：</p><pre type=\"Java\"><code><xmp>setScale(1)   //表示保留- -位小数，默认用四舍五入方式\nsetScale(1, BigDecimal.ROUND_ DOWN) //直接删除多余的小数位，如2.35会变成2.3\nsetScale(1 ,BigDecimal.ROUND_ _UP) //进位处理，2.35变成2.4\nsetScale(1,BigDecimal.ROUND_ HALF_ _UP)  //四舍五入，2.35变成2.4\nsetScaler(1 ,BigDecimal.ROUND_ HALF_ DOWN)   //四舍五入，2.35变成2.3,如果是5则向下舍  （就0.5时和_UP不同）</xmp></code></pre><p>参数讲解：</p><pre type=\"Java\"><code><xmp>ROUND_CEILING \n// 向正无穷方向舍入 \n\nROUND_DOWN \n//向零方向舍入 \n\nROUND_FLOOR \n//向负无穷方向舍入 \n\nROUND_HALF_DOWN \n//向（距离）最近的一边舍入，除非两边（的距离）是相等,如果是这样，向下舍入, 例如1.55 保留一位小数结果为1.5 \n\nROUND_HALF_EVEN \n//向（距离）最近的一边舍入，除非两边（的距离）是相等,如果是这样，如果保留位数是奇数，使用ROUND_HALF_UP ，如果是偶数，使用ROUND_HALF_DOWN \n\nROUND_HALF_UP \n//向（距离）最近的一边舍入，除非两边（的距离）是相等,如果是这样，向上舍入, 1.55保留一位小数结果为1.6 \n\nROUND_UNNECESSARY \n//计算结果是精确的，不需要舍入模式 \n\nROUND_UP \n//向远离0的方向舍入\n</xmp></code></pre>', '新华社', 1, 2, 0, '2021-01-25 08:04:30', NULL, '2021-01-25 08:04:30', 0, 1, 1, '', 28);
INSERT INTO `t_ariticle` VALUES (42, 'Maven 下载安装配置', 'Maven 作为Java程序员经常使用的工具，安装一定是必不可少的，新手可以参考这篇文章，如果有不同的意见，希望大家发表自己的言论', '<h3>1、首先先安装好JDK，并配置环境变量；再进行Maven的配置</h3><p>验证jdk安装成功<br><img src=\"https://img-blog.csdnimg.cn/20191201125608180.png?x-oss-process=image/watermark,type_ZmFuZ3poZW5naGVpdGk,shadow_10,text_aHR0cHM6Ly9ibG9nLmNzZG4ubmV0L3dlaXhpbl80NTM5NTAzMQ==,size_16,color_FFFFFF,t_70\" alt=\"jdk安装成功\"></p><h3><a></a><a></a><a></a>2、安装maven，第一步下载maven，并进行解压，如下：</h3><p><img src=\"https://img-blog.csdnimg.cn/20191201130043571.png?x-oss-process=image/watermark,type_ZmFuZ3poZW5naGVpdGk,shadow_10,text_aHR0cHM6Ly9ibG9nLmNzZG4ubmV0L3dlaXhpbl80NTM5NTAzMQ==,size_16,color_FFFFFF,t_70\" alt=\"在这里插入图片描述\"></p><h3><a></a><a></a><a></a>3、maven配置镜像</h3><p>我配置得是阿里云的，进行setting.xml配置<br><img src=\"https://img-blog.csdnimg.cn/20191201130405768.png?x-oss-process=image/watermark,type_ZmFuZ3poZW5naGVpdGk,shadow_10,text_aHR0cHM6Ly9ibG9nLmNzZG4ubmV0L3dlaXhpbl80NTM5NTAzMQ==,size_16,color_FFFFFF,t_70\" alt=\"在这里插入图片描述\"><br>更改mirror配置为阿里云镜像：</p><pre><code>  &lt;mirrors&gt;\n   		 &lt;mirror&gt;\n      		 &lt;id&gt;nexus-aliyun&lt;/id&gt;\n      		 &lt;mirrorOf&gt;central&lt;/mirrorOf&gt;\n   		     &lt;name&gt;Nexus aliyun&lt;/name&gt;\n    	     &lt;url&gt;http://maven.aliyun.com/nexus/content/repositories/central&lt;/url&gt;\n  		 &lt;/mirror&gt;\n  &lt;/mirrors&gt;</code></pre><p>profiles配置</p><pre><code>	&lt;!-- 配置: java8, 先从阿里云下载, 没有再去私服下载  --&gt;\n    &lt;!-- 20190929 hepengju 测试结果: 影响下载顺序的是profiles标签的配置顺序(后面配置的ali仓库先下载), 而不是activeProfiles的顺序 --&gt;\n    &lt;profiles&gt;\n        &lt;!-- 全局JDK1.8配置 --&gt;\n        &lt;profile&gt;\n            &lt;id&gt;jdk1.8&lt;/id&gt;\n            &lt;activation&gt;\n                &lt;activeByDefault&gt;true&lt;/activeByDefault&gt;\n                &lt;jdk&gt;1.8&lt;/jdk&gt;\n            &lt;/activation&gt;\n            &lt;properties&gt;\n                &lt;project.build.sourceEncoding&gt;UTF-8&lt;/project.build.sourceEncoding&gt;\n                &lt;maven.compiler.source&gt;1.8&lt;/maven.compiler.source&gt;\n                &lt;maven.compiler.target&gt;1.8&lt;/maven.compiler.target&gt;\n                &lt;maven.compiler.compilerVersion&gt;1.8&lt;/maven.compiler.compilerVersion&gt;\n            &lt;/properties&gt;\n        &lt;/profile&gt;</code></pre><h3><a></a><a></a><a></a>4、进行环境变量配置</h3><p>第一个配置：<br>新建： M2_HOME — maven路径<br>path： maven路径 / bin</p><p><img src=\"https://img-blog.csdnimg.cn/20191201131052629.png?x-oss-process=image/watermark,type_ZmFuZ3poZW5naGVpdGk,shadow_10,text_aHR0cHM6Ly9ibG9nLmNzZG4ubmV0L3dlaXhpbl80NTM5NTAzMQ==,size_16,color_FFFFFF,t_70\" alt=\"在这里插入图片描述\"><br><img src=\"https://img-blog.csdnimg.cn/20191201131104358.png?x-oss-process=image/watermark,type_ZmFuZ3poZW5naGVpdGk,shadow_10,text_aHR0cHM6Ly9ibG9nLmNzZG4ubmV0L3dlaXhpbl80NTM5NTAzMQ==,size_16,color_FFFFFF,t_70\" alt=\"在这里插入图片描述\"></p><h3><a></a><a></a><a></a>5、配置完成进行查看是否配置成功</h3><p>如图配置成功。<br><img src=\"https://img-blog.csdnimg.cn/20191201131320524.png?x-oss-process=image/watermark,type_ZmFuZ3poZW5naGVpdGk,shadow_10,text_aHR0cHM6Ly9ibG9nLmNzZG4ubmV0L3dlaXhpbl80NTM5NTAzMQ==,size_16,color_FFFFFF,t_70\" alt=\"在这里插入图片描述\"></p>', 'admin', 3, 1, 0, '2021-01-25 08:09:23', NULL, '2021-01-25 08:09:23', 0, 1, 1, '', 25);
INSERT INTO `t_ariticle` VALUES (43, 'windows 下载', 'windows下载文件展示', '', 'admin', 0, 0, 0, '2021-01-28 11:58:00', NULL, '2021-01-28 11:58:00', 0, 1, 1, '', 25);
INSERT INTO `t_ariticle` VALUES (44, 'windwos 下载', '下载', '<h4><a id=\"windows__0\"></a>windows 下载软件地址：</h4>\n<p>mysql 5.7版本 ，下载地址：<a href=\"https://dev.mysql.com/downloads/installer/\" target=\"_blank\">https://dev.mysql.com/downloads/installer/</a></p>\n<p>Navicat 客户端工具 ,下载地址：<a href=\"http://www.formysql.com/xiazai.html\" target=\"_blank\">http://www.formysql.com/xiazai.html</a></p>\n<p>Redis,下载地址：<a href=\"https://github.com/MicrosoftArchive/redis/releases\" target=\"_blank\">https://github.com/MicrosoftArchive/redis/releases</a></p>\n<p>Elasticsearch 7.6.2 ，下载地址：<a href=\"https://www.elastic.co/cn/downloads/past-releases/elasticsearch-7-6-2\" target=\"_blank\">https://www.elastic.co/cn/downloads/past-releases/elasticsearch-7-6-2</a></p>\n<p>Kibana 客户端工具 ，访问Elasticsearch的客户端，下载地址：<a href=\"https://www.elastic.co/cn/downloads/past-releases/kibana-7-6-2\" target=\"_blank\">https://www.elastic.co/cn/downloads/past-releases/kibana-7-6-2</a></p>\n<p>MongoDB ，下载地址：<a href=\"https://www.mongodb.com/download-center/community\" target=\"_blank\">https://www.mongodb.com/download-center/community</a></p>\n<p>Robo 3T 客户端工具 ，下载地址：<a href=\"https://robomongo.org/download\" target=\"_blank\">https://robomongo.org/download</a></p>\n', 'admin', 0, 0, 0, '2021-01-28 12:00:37', NULL, '2021-01-28 12:00:37', 0, 1, 1, '', 25);
INSERT INTO `t_ariticle` VALUES (45, '中国每天能检1亿人次！核酸检测造富神话', '石家庄一轮又一轮的核酸检测，会不会出现本来没事儿，在检测的过程中反而被感染的情况呢？', '<p>1月22日清晨，家住北京西城区月坛街道的肖明，还没起床就听到了居委会工作人员在用大喇叭通知居民去做核酸检测。她从窗户往下一瞧，发现一夜之间，楼下竟然已经搭起了用于采样的帐篷。当天上午8时50分，当一位在北京西城区金融街工作的小伙子走到离单位最近的检测点时，发现队伍已经围着写字楼绕了三圈，大约挪动了一个半小时后，才轮到自己采样。</p>\n<p>尽管北京最近的疫情几乎都集中于南部的大兴区，但此轮没有“中招”的东城与西城两区却毫无征兆地启动了为期两天的全员核酸检测。根据专家分析，北京此举可能是出于对变异病毒的担心，加之目前溯源工作也没有完成，只能扩大检测规模。</p>\n<p>1月24日傍晚，西城区公布了过去两天检测的结果：检测了113万人，初筛到1例阳性样本，为境外输入病例复阳所致。中国式的硬核防疫，让“核酸检测”这个原本生僻的医学术语深入人心，成为年度关键词。</p>\n<p><img src=\"http://localhost:9000/notes/20210128/Snipaste_2020-03-29_10-23-43.png\" alt=\"Snipaste_20200329_102343.png\" /></p>\n<p>而体外诊断行业投资者与检验科医生们，则将此看作“市场教育”的好机会。反复的、动辄上百万、上千万人的核酸检测，让PCR基因扩增实验室在全国遍地开花，造就了一批上市公司与福布斯富豪榜新贵。</p>\n<p>从“堰塞湖”到每天可检1亿人</p>\n<p>在2020年之初，由于供应量不足，核酸检测一度成为武汉疫情防控的“堰塞湖”。当时，即使在武汉之外的地区，想做核酸检测也没有那么容易，个人只有出现发热等症状，去发热门诊就诊才能检测，更多时候，只能以单位团体预约的形式来组织。但从去年夏天开始，个人检测在国内普及，甚至不用提前预约，到了检测点，交钱、采样，整个过程20分钟就可完成，几个小时之后就能拿到结果。</p>\n<p>一张阴性结果的新冠核酸检测报告，再加上绿码，逐渐成为新的“通关文牒”。有了它，出差、返校、住院、送外卖……都可以通行，而这一转变，都是在短短一年内完成的。</p>\n<p>核酸检测，在业界也叫分子诊断。1983年，美国科学家凯利·穆利斯发明了PCR（聚合酶链式反应），这是最成熟的分子诊断或者说核酸检测技术。利用PCR技术，将病毒核酸复制、扩大到几十万、几百万倍，然后通过一种荧光探针来捕捉。当扩增后的病毒浓度达到一个临界值时，就会产生荧光信号，意味着样本中被检测出携带新冠病毒。</p>\n<p>肖艳群是上海市临床检验中心细胞分子遗传学与分子病理研究室主任。她告诉《中国新闻周刊》，2020年，共有9000多人在上海临床检验中心完成培训拿到PCR上岗证，加入到上海的新冠核酸检验工作中去。目前，上海共有120多家PCR实验室，其中有70多家都是因检测新冠而新增。</p>\n<p><img src=\"http://localhost:9000/notes/20210128/Snipaste_2020-04-19_16-04-50.png\" alt=\"Snipaste_20200419_160450.png\" /></p>\n<p>过去，很多基层医院没有开展核酸检测的能力。去年4月，国家卫健委要求，所有县区级以上疾控机构、二级以上综合医院要抓紧进行改造，在短时间内形成核酸检测能力；去年8月，国务院联防联控机制提出，到9月底前，县域内至少一家县级医院具备核酸采样和检测能力。</p>\n<p>在这个大背景下，各地掀起PCR基因扩增实验室建设潮。在山西，到去年8月，该省区、县已全部具备核酸检测能力，其中108个县完成PCR实验室建设，能开展新冠核酸检测的医疗机构从最初的14所增加到174所，一天最大检测量达到7.4万人份。</p>\n<p>在这一轮公卫基建潮中，河南省县级市汝州市第一人民医院拿到了500万元的经费，其中300万都投向了PCR实验室。该医院检验科主任王军说，过去，他们没有全自动核酸提取仪，提取环节要手工操作，在这笔钱的支持下，去年12月，他们斥资40万元购置了一台全自动提取仪。</p>\n<p>对此，华中科技大学同济医学院附属同济医院检验科检验员刘为勇说，在疫情之前，即便是武汉的协和医院、中南医院这些大三甲医院，也都没有这种全自动核酸提取仪。</p>\n<p>在2015年~2019年间，国内分子诊断供应商圣湘生物的PCR相关仪器销售了不到1000台，但在2020年一年，这一数字涨到了6000多台。投资了很多新冠相关医疗公司的普华资本董事总经理何腾龙透露说，国内一些PCR仪器厂商的订单已经排到了后年。</p>\n<p>检测方法也在提升。武汉“十天大会战”时，首次采取了5合1的混检法，即五个人的咽拭子标本混在一个检测管里面进行检测。从7月23日开始，辽宁省新冠检测专家组组长刘勇又研发了10合1混采检测技术。紧急情况时还有紧急手段，比如华大基因的气膜舱“火眼”实验室，以及各种应用于机场、室外的移动方舱实验室。</p>\n<p>所有的这些努力，使得中国核酸检测的能力迅速提升。有媒体计算，即便是春运返乡的人们需要人手一份核酸报告，现在的检测能力也足以应对需要。新冠试剂盒也早已产能充足，甚至过剩，从去年3月起，已经有很多公司向国外市场销售试剂盒。</p>\n<p>1月13日，国家卫健委医政医管局监察专员郭燕红介绍，全国共有8437个医疗卫生机构可以开展核酸检测，在不采用混检只用单管检测时，每天能检测1255万份样本。这两个数据，与去年3月底时相比，意味着：可开展核酸检测的医疗机构增加了4倍，可以检测的样本数量翻了10倍。在极端情况下，按照10：1的混检法，中国每天可检测1亿人次以上。</p>\n<p>中国每天能检1亿人次！核酸检测造富神话<br />\n1月22日，在北京西城区展览馆前广场的核酸采样点，医务人员为采集核酸样本做准备。</p>\n<p>找出每一个病毒</p>\n<p>核酸检测、流调追踪、隔离治疗、“动态清零”，是中国进入疫情防控常态化阶段的一套组合拳。而核酸检测的规模，则在实践中不断扩展。</p>\n<p>国内最早的一次全员核酸检测，是武汉的“十天大会战”，虽然这次最终用了19天的时间。在去年6月的北京新发地疫情中，北京政府也提出来要对全市2000多万人开展核酸筛查，但当时专家反复多次建议，觉得没有必要，于是核酸筛查到了1000万人左右就停了下来。</p>\n<p>中疾控首席流行病学专家吴尊友此前接受《中国新闻周刊》采访时说，从控制传染病传播流行的科学角度来说，全员检测确实没有必要。但这种专业判断存在1％～5％的不确定，这种不确定性，会让大家心里没底。“做了核酸筛查以后，老百姓和行政官员心里就踏实了。”</p>\n<p>在这种逻辑下，全员核酸检测逐渐成为新的常规操作。2020年9月18日，国家卫健委主任马晓伟强调，秋冬季新冠肺炎和流感等呼吸道疾病交织叠加，防控任务艰巨，确保人员、设施、物资、能力到位，一旦发现聚集性疫情，在5~7天内完成所在地区全员核酸检测，最大程度控制疫情扩散蔓延。</p>\n<p>在青岛，去年10月中旬时，14个感染者引发了这座城市约1090万份的全员核酸检测，结果均为阴性。此后不到半个月，新疆喀什也出现了疫情，当地也很快完成了全地区全员核酸检测，总人数约474万人，部分县区甚至开展了四轮核酸检测。之后，内蒙古满洲里、大连、沈阳、北京顺义、河北石家庄和邢台等地均开展过多次全员核酸筛查。</p>\n<p>尽管“揪出”病毒的决心是强烈的，但总有病毒躲过筛查。假阴性的问题早在去年武汉疫情期间就已引发热烈讨论，但直到现在，依然不时有感染者要做了好次核酸检测才能被发现，漏检依然无法避免。就在此次河北疫情中，有人做了5次、8次甚至11次核酸检测才确诊。</p>\n<p>多位专家认为，检测试剂盒不能为这一问题“背锅”。华中科技大学同济医学院附属同济医院检验科刘为勇就表示，在武汉疫情早期的时候，因试剂盒审批上市比较仓促，可能灵敏度比较差；再加上感染人数太多，采样人手不足，样本没有采到位等原因，使得假阴性问题在当时一度非常突出。</p>\n<p>但刘为勇指出，去年以来，试剂盒的灵敏度一直在不断验证、优化，到如今，这方面的提升空间已经不大了。假阴性问题更多与检测的其他因素有关，如采样部位、患者病程等。比如，感染者在刚刚发病的1~3天之内为急性期，阳性率就很高，但随着病情发展，鼻咽拭子的检出率会有所下降，要到病程晚期才再次更容易检出。</p>\n<p>肖艳群告诉《中国新闻周刊》，2020年三四月份，她所在科室对国家当时批准的新冠检测试剂做了一次评估，发现它们之间的灵敏度差异可以达到16倍，最低的能检测到每毫升200个拷贝的病毒，最高的要到7000多个拷贝才能检测出来。到了11月，实验室又对上市的20多个试剂盒中的17款进行了评估，发现灵敏度差距已经明显缩小。</p>\n<p>每毫升样本能够检测的拷贝数量越低，说明试剂盒灵敏度越高。国家卫健委在2020年12月30日的一份文件中建议，医疗机构应选用能检测到500个拷贝以下的试剂盒。从当时获批的21款试剂盒的说明书来看，只有一款的灵敏度达不到这个要求。</p>\n<p>体外诊断行业知名评论员、深圳博德致远公司CEO杨奇贤告诉《中国新闻周刊》，为提高核酸检测的准确性，这一年专家们开了很多次学术讨论会。业内已经基本形成了一个结论：无论技术如何改善，由于种种原因，漏检率可能仍会高达20％~50％。</p>\n<p>既然如此，那就只能在检测环节下功夫。一种做法是，增加大规模筛查的次数。比如，石家庄在1月6日<sub>9日完成了全城1025万人的首轮全员检测，发现354例感染；到了1月14日傍晚8点，又完成第二轮全员检测，发现阳性病例247例。而在感染者比较集中的石家庄藁城区，当地已经在1月15开始了第四轮核酸检测，石家庄则在随后的20</sub>22日三天里，又进行了第三轮全员检测，检出阳性结果30例。</p>\n<p>一旦发生局部疫情，核酸阴性这一通行证的有效期就变短，人们需要测核酸的频率就陡然上升。在香港疫情高发时，去年8月5日，深圳与珠海疫情防控指挥部就要求，从香港入境的人士，须持有1日内生成的阴性报告，此前这一有效时限为3天。1月上旬，黑龙江省绥化市望奎县发生疫情，当地政府就规定，如需离开绥化市，须持3天内核酸检测阴性证明。1月9日，北京顺义区报告了新发病例，当地多个小区封闭，人们出入社区需持两天内的核酸阴性报告。</p>\n<p>检测的方式也在升级。1月19日，北京大兴有一个9岁学生确诊，他所在学校的全体学生、教职工等人进行了鼻咽拭子、口咽拭子、肛拭子及血清检测。为何增加肛拭子这一项？感染科专家解释说，这是为提高检出率，降低假阴性的概率。去年3月，临床曾发现出院新冠患者复阳人数较多的现象，上海市公共卫生临床中心党委书记卢洪洲就表示，上海的新冠患者出院标准更严格，其中一项标准就是肛拭子核酸检测为阴性。</p>\n<p>中国到底做了多少核酸检测？或者问：中国还有多少人没有做过核酸检测？目前并没有这方面的系统统计。只有一个相关数字，在2020年9月29日这一天，美国的核酸检测总量越过1亿人份大关，位居全球第二。但总量最多的，却仍是确诊病例数与美国相比已是微乎其微的中国——核酸检测量高达1.6亿人份。</p>\n<p>这些数字很抽象，但是现在，当在北京的人们用滴滴叫车后，最先跳出的一个页面上写着“司机7日内核酸阴性”，这意味着，核酸检测已经成为了我们日常生活的一部分。它的主要功能，不再是国内疫情初期的至暗时刻，用来判断一个人是否是新冠患者，恰恰相反，现在，它被用来证明一个人不是新冠患者。</p>\n<p>中国每天能检1亿人次！核酸检测造富神话<br />\n四川成都的一家生物公司内，洁净车间工作人员将可检测新冠病毒的核酸检测试剂盒芯片送进印制机器。图/中新</p>\n<p>造富神话与价格跳水</p>\n<p>2021年1月20日，国家卫健委提出，春运期间，从外地返回农村地区的人员须持7日内核酸阴性证明，并居家隔离14日，每7天开展一次核酸检测。这个消息旋即引发热议。</p>\n<p>当“新时代的乡愁”等各种段子引来网友笑声时，产业界正摩拳擦掌。在这个消息发布的次日，即1月21日，在新冠肺炎检测概念板块的24只个股中，有23只应声上涨。有证券公司指出：春节总体核酸检测需求量为6亿次，试剂盒厂商将有150亿元<sub>300亿元市场；能为检验机构带来600亿元</sub>1200亿元的市场增量。</p>\n<p>因为疫情，2020年是医疗器械板块的高光年。近期公布2020年业绩预告的31家相关上市公司中有29家业绩均为增长。明德生物、达安基因、东方生物等涉及到新冠检测的公司都有1000~2000倍的净利润增长。疫情对于普通人来说是“黑天鹅”，但对于另一些人却是风口，比如戴立忠。</p>\n<p>2008年，在美国麻省理工学院攻读生物化学博士后，并在当时世界上最大的核酸试剂公司工作的戴立忠回国，在家乡湖南创立了圣湘生物。一开始，圣湘生物的销售额只是几千万元左右的级别，但每年都有30％左右的增长，直到去年实现了大爆发。这也体现出核酸检测行业的发展趋势：体量小，但增长快。</p>\n<p>圣湘生物以诊断试剂、仪器、第三方医学检验服务为主营业务，预计2020年实现6375％～7008％的净利润增幅，是该领域涨幅最高的公司。2020年8月28日，圣湘生物挂牌上市，被称为“抗疫第一股”，这让戴立忠的财富市值超过150亿元，跻身福布斯亿万富豪队列。</p>\n<p>中国的体外诊断企业规模不算大，竞争格局比较稳定。以圣湘生物为例，尽管2020年净利润增幅看起来7000倍左右的涨幅，但绝对值也只是26亿元左右，而2018年和2019年的净利润基数分别只有600多万元和4000万元左右。</p>\n<p>何腾龙曾经在华大基因工作，他说，1990年代中后期，国内一些企业抓住代理罗氏等企业进口PCR仪器的机会，开发相配套的核酸检测试剂产品，很早就实现了核酸检测试剂的国产化。现在国内公司的仪器也做得比较好，总的来看，中国的PCR技术并不滞后欧美多少。</p>\n<p>核酸试剂技术门槛并不高，一些科研能力强的实验室也能自己研发试剂盒，何腾龙说，主要就是审批麻烦，这也是这一行业最主要的门槛。致病性病原体相关检测试剂，属于体外诊断试剂的第三类，也就是医疗器械中的最高审查级别，正常情况下，审批至少要2~3年。</p>\n<p>核酸试剂市场虽然量小，但是利润高。2019年，圣湘生物核酸检测试剂销售2.29亿元，占总营收比62.56％，毛利率高达82.19％，核酸检测试剂是该公司的核心利润来源。</p>\n<p>“核酸检测能便宜点吗？都做三次了，要破产了。”一位成都的网友调侃，因为近期要做一个小手术，医生开了单子让他去做核酸，价格是130多元。在另一端，试剂盒供应商们却在喊：价格太便宜，无利可图了。</p>\n<p>尽管国家医疗器械集中采购的“火”还没有烧到体外诊断领域，但因疫情原因，新冠试剂盒提前进入了集采。福建于去年5月初完成了新冠核酸试剂的集采，四家中标企业的成交价在16元~20元之间，比集采前便宜了80％；类似的，在最先开始新冠试剂盒集采的湖北，核酸试剂盒的价格也下降了81％。</p>\n<p>去年4月末，安徽省将核酸检测价格从400元下调至220元，到了7月，安徽再次下调收费，最高限价为60元；同年6月，重庆市降低新冠检测费用，单次最高限价为50元，试剂盒降至25元，做一次核酸检测的费用在75元……北京、上海、江苏、天津等地也已下调至120元每人/次。</p>\n<p>“一开始就跟卖水一样的（赚钱）。”一位业界人士说，但集采过后，降价比较狠，拿到多个省份订单的公司，就占据了市场，没中标的可能就卖不动了。戴立忠也说，“说老实话，集采还是挺残酷的，现在试剂盒利润很薄，微乎其微，小企业的生存越来越难了。如果一个小公司主要就靠几个产品的销售额，创新能力又不行，那在这场竞争中很有可能会被整合甚至淘汰掉。”</p>\n<p>下一步往何处去</p>\n<p>新冠检测中，主要用到的检测手段包括抗原、抗体与核酸检测，前两种都属于免疫检测。核酸阳性能直接证明病毒的存在，而抗体、抗原的检测是间接的，只有在感染后的特定时间段能够检测到，因此，核酸检测仍是公认确诊新冠肺炎的“金标准”。当PCR各个环节操作得当的时候，它的灵敏度几乎是100％。</p>\n<p>但杨奇贤也指出，跟免疫检测快速验孕、抽血查生化这些十几分钟就能完成的检测相比，分子诊断还是太慢了，需要几个小时，而改进这一环节的难度很大。</p>\n<p>快速、高效的检测，对美国这样深陷疫情的国家有着重要的现实意义。去年8月，美国FDA批准了体外诊断行业的巨头、美国雅培公司的新冠快筛检测卡的紧急使用授权。该检测卡外表像一张信用卡，使用起来非常方便，不需要任何设备，在15分钟内出结果，且仅需5美元。</p>\n<p>还有一种办法是发动人们自行采样，从去年11月开始，美国陆续有一些州把采样套件分发给居民，然后再邮寄到检验室。不过，这出现了一些问题，包括采样无效、很多人领回家套件又不寄回去等等。FDA去年11月17日还批准了第一款家用新冠检测套件的紧急使用授权，使用者利用鼻咽拭子采集样本后放到小瓶子中，接着将小瓶子插入一个小型检验装置，30分钟内会亮灯显示使用者结果。</p>\n<p>这些方法听起来更加简便易行，中国是否也可应用这些办法？多位专家指出，这些产品都是采用抗原检测的原理，不属于核酸检测，灵敏度不高。比如，雅培的新冠快筛检测卡，如果在感染者出现症状的一周内采样，灵敏度能够超过95％，但在一周以后，就骤降到75％。不管是灵敏度不高还是人们可能会瞒报、谎报等因素，以上方法都很容易造成漏检，而对于正在“死磕”检出率的中国来说，这显然是不能令人满意的。</p>\n<p>同时，因为中国疫情控制比较好，人们就算去医院或第三方机构检测，在途中感染上的概率也不大。杨奇贤说，对于很多无症状和轻微症状的感染者，美国的做法是让他们居家隔离，病情严重时再去医院；但中国是一发现就立刻隔离，所以也不会批准这种在家自检产品。</p>\n<p>戴立忠向《中国新闻周刊》回忆说，他刚刚回国那会儿，国内配置一个PCR实验室，基本上以进口仪器为主，需要150万~300万元，而且不少核酸检测项目做一次需要近千元。后来，随着分子诊断越来越国产化，这个成本降到了几十万元，核酸检测费用也下调不少。但它依然没有那么普及。在美国、比利时、韩国等多个国家，无数创新公司的目标就是生产便携化的PCR设备。</p>\n<p>截至1月21日为止，中国新冠疫苗已经接种超过1500万人次。随着免疫屏障的逐步建立，疫情防控的主战场将从核酸检测、隔离治疗等逐渐让位给人体的免疫力。当疫情的大潮退去，轰轰烈烈的分子诊断领域会出现“哀鸿遍野”的状况吗？</p>\n<p>多位受访者认为，这肯定是个短期生意，虽然新冠核酸检测的需求不会消失，但就像流感检测一样，未来只是一个常规诊断项目。以此为契机，人们看好分子诊断的未来。</p>\n<p>全国卫生产业企业管理协会医学检验产业分会会长宋海波告诉《中国新闻周刊》，即便疫情过去了，精准医疗的需求是刚性的。过去受条件限制，分子诊断基本上都在大医院，现在实验室建立了、仪器设备有了，那开展更多检测项目就不应该有问题。</p>\n<p>由该协会等组织撰写的《中国体外诊断行业报告（2019年）》中，2017年<sub>2019连续三年里，在协会几千个成员企业中，多数都认为未来3</sub>5年体外诊断里最具发展潜力的产品线就是分子诊断。</p>\n<p>分子诊断的业务有两种，一是感染性疾病的病原体诊断，比如，乙肝、丙肝、甲流、乙流、HIV、呼吸道合胞病毒等常见的病原体鉴定；二是基因检测，比如遗传病筛查、癌症病人精确突变，还有一些药物适用性的突变位点检测等等。</p>\n<p>何腾龙所在的投资公司以前在分子诊断领域只投了一些上游的原料公司，但现在打算在这个产业内做更多的投资布局，包括仪器方面、核酸试剂，还有一些检验公司。这倒不是疫情下的机会主义，他说，“2019年开始，业界已经看到了它有蓬勃发展的迹象。”</p>\n<p>戴立忠描绘了那个核酸检测普及化的世界：且不说动植物、食品这些领域，就拿医疗来说，核酸检测涉及预防、诊断、精准治疗、个性化用药、遗传病检测等等。当核酸检测像抽血化验一样简单、便捷后，它更像是一个日常检测，比如，在公卫领域，结核杆菌、癌症等疾病的早筛、早防，可能会越来越多，他认为，“只要解决了可及性，市场潜力是没有天花板的。”</p>\n<p>（文中肖明为化名）</p>\n', 'admin', 0, 0, 0, '2021-01-28 12:03:05', NULL, '2021-01-28 12:03:05', 0, 1, 0, 'https://www.toutiao.com/a6922579118676558348/', 25);
INSERT INTO `t_ariticle` VALUES (46, 'java中Map遍历的四种方式', 'java中Map遍历的四种方式', '<p><h3>Java中Map遍历的四种方式</h3><ul><li><a href=\"#_4\">前言</a></li><ul><li><a href=\"#forentriesMap_7\">一：在for循环中使用entries实现Map的遍历：</a></li><li><a href=\"#forkeyvaluesmapkeyvalueentrySet_26\">二：在for循环中遍历key或者values，一般适用于只需要map中的key或者value时使用，在性能上比使用entrySet较好；</a></li><li><a href=\"#Iterator_45\">三：通过Iterator遍历；</a></li><li><a href=\"#_60\">四：通过键找值遍历，这种方式的效率比较低，因为本身从键取值是耗时的操作；</a></li></ul></ul></p>\n<h1><a id=\"_4\"></a>前言</h1>\n<p>在java中所有的map都实现了Map接口，因此所有的Map（如HashMap, TreeMap, LinkedHashMap, Hashtable等）都可以用以下的方式去遍历。</p>\n<h2><a id=\"forentriesMap_7\"></a>一：在for循环中使用entries实现Map的遍历：</h2>\n<pre><div class=\"hljs\"><code class=\"lang-java\"><span class=\"hljs-comment\">/**\n* 最常见也是大多数情况下用的最多的，一般在键值对都需要使用\n */</span>\nMap &lt;String,String&gt;map = <span class=\"hljs-keyword\">new</span> HashMap&lt;String,String&gt;();\nmap.put(<span class=\"hljs-string\">\"熊大\"</span>, <span class=\"hljs-string\">\"棕色\"</span>);\nmap.put(<span class=\"hljs-string\">\"熊二\"</span>, <span class=\"hljs-string\">\"黄色\"</span>);\n<span class=\"hljs-keyword\">for</span>(Map.Entry&lt;String, String&gt; entry : map.entrySet()){\n    String mapKey = entry.getKey();\n    String mapValue = entry.getValue();\n    System.out.println(mapKey+<span class=\"hljs-string\">\":\"</span>+mapValue);\n}\n</code></div></pre>\n<h2><a id=\"forkeyvaluesmapkeyvalueentrySet_26\"></a>二：在for循环中遍历key或者values，一般适用于只需要map中的key或者value时使用，在性能上比使用entrySet较好；</h2>\n<pre><div class=\"hljs\"><code class=\"lang-java\">Map &lt;String,String&gt;map = <span class=\"hljs-keyword\">new</span> HashMap&lt;String,String&gt;();\nmap.put(<span class=\"hljs-string\">\"熊大\"</span>, <span class=\"hljs-string\">\"棕色\"</span>);\nmap.put(<span class=\"hljs-string\">\"熊二\"</span>, <span class=\"hljs-string\">\"黄色\"</span>);\n<span class=\"hljs-comment\">//key</span>\n<span class=\"hljs-keyword\">for</span>(String key : map.keySet()){\n    System.out.println(key);\n}\n<span class=\"hljs-comment\">//value</span>\n<span class=\"hljs-keyword\">for</span>(String value : map.values()){\n    System.out.println(value);\n}\n</code></div></pre>\n<h2><a id=\"Iterator_45\"></a>三：通过Iterator遍历；</h2>\n<pre><div class=\"hljs\"><code class=\"lang-java\">Iterator&lt;Entry&lt;String, String&gt;&gt; entries = map.entrySet().iterator();\n<span class=\"hljs-keyword\">while</span>(entries.hasNext()){\n    Entry&lt;String, String&gt; entry = entries.next();\n    String key = entry.getKey();\n    String value = entry.getValue();\n    System.out.println(key+<span class=\"hljs-string\">\":\"</span>+value);\n}\n</code></div></pre>\n<h2><a id=\"_60\"></a>四：通过键找值遍历，这种方式的效率比较低，因为本身从键取值是耗时的操作；</h2>\n<pre><div class=\"hljs\"><code class=\"lang-java\"><span class=\"hljs-keyword\">for</span>(String key : map.keySet()){\n    String value = map.get(key);\n    System.out.println(key+<span class=\"hljs-string\">\":\"</span>+value);\n}\n</code></div></pre>\n', 'admin', 0, 0, 0, '2021-01-28 12:06:54', NULL, '2021-01-28 12:06:54', 0, 1, 1, '', 25);

-- ----------------------------
-- Table structure for t_ariticle_comment
-- ----------------------------
DROP TABLE IF EXISTS `t_ariticle_comment`;
CREATE TABLE `t_ariticle_comment`  (
  `id` int(11) NOT NULL AUTO_INCREMENT COMMENT '评论id',
  `user_id` varchar(32) CHARACTER SET utf8mb4 COLLATE utf8mb4_unicode_ci NOT NULL COMMENT '评论人userId',
  `user_name` varchar(32) CHARACTER SET utf8mb4 COLLATE utf8mb4_unicode_ci NOT NULL DEFAULT '' COMMENT '评论人名称',
  `article_id` varchar(32) CHARACTER SET utf8mb4 COLLATE utf8mb4_unicode_ci NOT NULL COMMENT '评论的文章id',
  `article_title` varchar(255) CHARACTER SET utf8mb4 COLLATE utf8mb4_unicode_ci NULL DEFAULT '' COMMENT '评论的文章标题',
  `parent_comment_id` varchar(32) CHARACTER SET utf8mb4 COLLATE utf8mb4_unicode_ci NULL DEFAULT '' COMMENT '父评论id',
  `parent_comment_user_id` varchar(32) CHARACTER SET utf8mb4 COLLATE utf8mb4_unicode_ci NOT NULL DEFAULT '' COMMENT '父评论的用户id',
  `reply_comment_id` varchar(32) CHARACTER SET utf8mb4 COLLATE utf8mb4_unicode_ci NULL DEFAULT '' COMMENT '被回复的评论id',
  `reply_comment_user_id` varchar(32) CHARACTER SET utf8mb4 COLLATE utf8mb4_unicode_ci NULL DEFAULT '' COMMENT '被回复的评论用户id',
  `comment_level` tinyint(4) NOT NULL DEFAULT 1 COMMENT '评论等级[ 1 一级评论 默认 ，2 二级评论]',
  `content` varchar(255) CHARACTER SET utf8mb4 COLLATE utf8mb4_unicode_ci NOT NULL DEFAULT '' COMMENT '评论的内容',
  `status` tinyint(4) NOT NULL DEFAULT 1 COMMENT '状态 (1 有效，0 逻辑删除)',
  `praise_num` int(11) NOT NULL DEFAULT 0 COMMENT '点赞数',
  `top_status` tinyint(4) NOT NULL DEFAULT 0 COMMENT '置顶状态[ 1 置顶，0 不置顶 默认 ]',
  `create_time` timestamp(0) NOT NULL DEFAULT CURRENT_TIMESTAMP COMMENT '创建时间',
  PRIMARY KEY (`id`) USING BTREE,
  INDEX `idx_article_id`(`article_id`) USING BTREE,
  INDEX `idx_user_id`(`user_id`) USING BTREE,
  INDEX `idx_create_time`(`create_time`) USING BTREE,
  INDEX `idx_parent_comment_id`(`parent_comment_id`) USING BTREE
) ENGINE = InnoDB AUTO_INCREMENT = 51 CHARACTER SET = utf8mb4 COLLATE = utf8mb4_unicode_ci COMMENT = '文章评论表' ROW_FORMAT = Dynamic;

-- ----------------------------
-- Records of t_ariticle_comment
-- ----------------------------
INSERT INTO `t_ariticle_comment` VALUES (42, '25', 'admin', '16', '拜登火速答应俄国重磅条约，特朗普手下炸锅：几年努力全白费了', '0', '25', '', '', 1, '文章不错', 1, 0, 0, '2021-01-24 08:11:43');
INSERT INTO `t_ariticle_comment` VALUES (43, '25', 'admin', '5', '习近平将出席世界经济论坛“达沃斯议程”对话会', '0', '25', '', '', 1, '点赞', 1, 0, 0, '2021-01-24 08:12:08');
INSERT INTO `t_ariticle_comment` VALUES (44, '29', '环球网', '22', '山东栖霞金矿救援最新进展：又发现一名被困矿工 正准备升井', '0', '29', '', '', 1, '国家棒棒的！！！！！！！', 1, 0, 0, '2021-01-24 12:35:49');
INSERT INTO `t_ariticle_comment` VALUES (45, '25', 'admin', '7', '美国新增新冠确诊超22万例，累计确诊超2370万例', '0', '25', '', '', 1, '真棒', 1, 0, 0, '2021-01-24 21:27:45');
INSERT INTO `t_ariticle_comment` VALUES (46, '25', 'admin', '7', '美国新增新冠确诊超22万例，累计确诊超2370万例', '45', '25', '', '', 2, '号', 1, 0, 0, '2021-01-24 21:27:54');
INSERT INTO `t_ariticle_comment` VALUES (47, '25', 'admin', '42', 'Maven 下载安装配置', '0', '25', '', '', 1, '点赞', 1, 5, 0, '2021-01-25 10:26:01');
INSERT INTO `t_ariticle_comment` VALUES (48, '24', 'zz', '42', 'Maven 下载安装配置', '0', '25', '', '', 1, '点赞', 1, 1, 0, '2021-01-25 10:26:30');
INSERT INTO `t_ariticle_comment` VALUES (49, '24', 'zz', '42', 'Maven 下载安装配置', '47', '25', '', '', 2, '点赞有，嘻嘻', 1, 6, 0, '2021-01-25 10:26:40');
INSERT INTO `t_ariticle_comment` VALUES (50, '25', 'admin', '40', '世卫组织：全球累计新冠确诊病例达97464094例', '0', '28', '', '', 1, '厉害呀，小心仔！！！', 1, 0, 0, '2021-01-28 12:12:15');

-- ----------------------------
-- Table structure for t_ariticle_sort
-- ----------------------------
DROP TABLE IF EXISTS `t_ariticle_sort`;
CREATE TABLE `t_ariticle_sort`  (
  `id` int(11) NOT NULL AUTO_INCREMENT COMMENT '主键',
  `name` varchar(50) CHARACTER SET utf8mb4 COLLATE utf8mb4_general_ci NULL DEFAULT NULL COMMENT '名称',
  `description` varchar(50) CHARACTER SET utf8mb4 COLLATE utf8mb4_general_ci NULL DEFAULT NULL COMMENT '描述',
  `keywords` varchar(50) CHARACTER SET utf8mb4 COLLATE utf8mb4_general_ci NULL DEFAULT NULL COMMENT '关键词',
  `create_time` datetime(0) NULL DEFAULT NULL COMMENT '创建时间',
  `update_time` datetime(0) NULL DEFAULT NULL COMMENT '更新时间',
  `type` varchar(255) CHARACTER SET utf8mb4 COLLATE utf8mb4_general_ci NULL DEFAULT NULL,
  PRIMARY KEY (`id`) USING BTREE
) ENGINE = InnoDB AUTO_INCREMENT = 6 CHARACTER SET = utf8mb4 COLLATE = utf8mb4_general_ci ROW_FORMAT = Dynamic;

-- ----------------------------
-- Records of t_ariticle_sort
-- ----------------------------
INSERT INTO `t_ariticle_sort` VALUES (1, '技术类', 'java、php、C#、C++', 'spring', NULL, NULL, 'primary');
INSERT INTO `t_ariticle_sort` VALUES (2, '社会类', '吃吃喝喝', '爆米花', '2021-01-19 12:48:10', NULL, 'success');
INSERT INTO `t_ariticle_sort` VALUES (3, '学习类', '哔哩哔哩', 'bilibili', '2021-01-19 12:48:32', NULL, 'warning');
INSERT INTO `t_ariticle_sort` VALUES (4, '面试类', '。', '。', '2021-01-25 06:38:29', NULL, '。');
INSERT INTO `t_ariticle_sort` VALUES (5, '文化类', '。', '。', '2021-01-25 06:40:13', NULL, '。');

-- ----------------------------
-- Table structure for t_ariticle_sort_relation
-- ----------------------------
DROP TABLE IF EXISTS `t_ariticle_sort_relation`;
CREATE TABLE `t_ariticle_sort_relation`  (
  `id` int(11) NOT NULL AUTO_INCREMENT,
  `ariticle_id` int(11) NULL DEFAULT NULL COMMENT '文章id',
  `sort_id` int(11) NULL DEFAULT NULL COMMENT '分类id',
  PRIMARY KEY (`id`) USING BTREE
) ENGINE = InnoDB AUTO_INCREMENT = 45 CHARACTER SET = utf8mb4 COLLATE = utf8mb4_general_ci COMMENT = '文章-分类关联表' ROW_FORMAT = Dynamic;

-- ----------------------------
-- Records of t_ariticle_sort_relation
-- ----------------------------
INSERT INTO `t_ariticle_sort_relation` VALUES (4, 5, 2);
INSERT INTO `t_ariticle_sort_relation` VALUES (6, 7, 2);
INSERT INTO `t_ariticle_sort_relation` VALUES (7, 8, 2);
INSERT INTO `t_ariticle_sort_relation` VALUES (9, 10, 2);
INSERT INTO `t_ariticle_sort_relation` VALUES (10, 11, 2);
INSERT INTO `t_ariticle_sort_relation` VALUES (11, 12, 2);
INSERT INTO `t_ariticle_sort_relation` VALUES (12, 13, 1);
INSERT INTO `t_ariticle_sort_relation` VALUES (13, 14, 2);
INSERT INTO `t_ariticle_sort_relation` VALUES (14, 15, 2);
INSERT INTO `t_ariticle_sort_relation` VALUES (15, 16, 2);
INSERT INTO `t_ariticle_sort_relation` VALUES (16, 17, 2);
INSERT INTO `t_ariticle_sort_relation` VALUES (17, 18, 2);
INSERT INTO `t_ariticle_sort_relation` VALUES (18, 19, 2);
INSERT INTO `t_ariticle_sort_relation` VALUES (19, 20, 2);
INSERT INTO `t_ariticle_sort_relation` VALUES (20, 21, 2);
INSERT INTO `t_ariticle_sort_relation` VALUES (21, 22, 2);
INSERT INTO `t_ariticle_sort_relation` VALUES (22, 23, 2);
INSERT INTO `t_ariticle_sort_relation` VALUES (24, 26, 2);
INSERT INTO `t_ariticle_sort_relation` VALUES (25, 27, 2);
INSERT INTO `t_ariticle_sort_relation` VALUES (26, 28, 1);
INSERT INTO `t_ariticle_sort_relation` VALUES (27, 29, 1);
INSERT INTO `t_ariticle_sort_relation` VALUES (28, 30, 1);
INSERT INTO `t_ariticle_sort_relation` VALUES (29, 31, 1);
INSERT INTO `t_ariticle_sort_relation` VALUES (30, 32, 2);
INSERT INTO `t_ariticle_sort_relation` VALUES (31, 33, 2);
INSERT INTO `t_ariticle_sort_relation` VALUES (32, 34, 2);
INSERT INTO `t_ariticle_sort_relation` VALUES (33, 35, 2);
INSERT INTO `t_ariticle_sort_relation` VALUES (34, 36, 2);
INSERT INTO `t_ariticle_sort_relation` VALUES (35, 37, 2);
INSERT INTO `t_ariticle_sort_relation` VALUES (36, 38, 2);
INSERT INTO `t_ariticle_sort_relation` VALUES (37, 39, 2);
INSERT INTO `t_ariticle_sort_relation` VALUES (38, 40, 2);
INSERT INTO `t_ariticle_sort_relation` VALUES (39, 41, 3);
INSERT INTO `t_ariticle_sort_relation` VALUES (40, 42, 3);
INSERT INTO `t_ariticle_sort_relation` VALUES (41, 43, 4);
INSERT INTO `t_ariticle_sort_relation` VALUES (42, 44, 4);
INSERT INTO `t_ariticle_sort_relation` VALUES (43, 45, 3);
INSERT INTO `t_ariticle_sort_relation` VALUES (44, 46, 1);

-- ----------------------------
-- Table structure for t_ariticle_tag
-- ----------------------------
DROP TABLE IF EXISTS `t_ariticle_tag`;
CREATE TABLE `t_ariticle_tag`  (
  `id` int(11) NOT NULL AUTO_INCREMENT COMMENT '主键',
  `name` varchar(50) CHARACTER SET utf8mb4 COLLATE utf8mb4_general_ci NULL DEFAULT NULL,
  `type` varchar(25) CHARACTER SET utf8mb4 COLLATE utf8mb4_general_ci NULL DEFAULT NULL,
  `size` varchar(25) CHARACTER SET utf8mb4 COLLATE utf8mb4_general_ci NULL DEFAULT NULL,
  `color` varchar(25) CHARACTER SET utf8mb4 COLLATE utf8mb4_general_ci NULL DEFAULT NULL,
  `create_time` datetime(0) NULL DEFAULT NULL,
  `is_use` varchar(1) CHARACTER SET utf8mb4 COLLATE utf8mb4_general_ci NULL DEFAULT NULL COMMENT '是否使用 0->关闭 1->开启',
  PRIMARY KEY (`id`) USING BTREE
) ENGINE = InnoDB AUTO_INCREMENT = 16 CHARACTER SET = utf8mb4 COLLATE = utf8mb4_general_ci COMMENT = '标签表' ROW_FORMAT = Dynamic;

-- ----------------------------
-- Records of t_ariticle_tag
-- ----------------------------
INSERT INTO `t_ariticle_tag` VALUES (1, 'java', 'info', 'medium', '#0004FF', NULL, '1');
INSERT INTO `t_ariticle_tag` VALUES (2, 'python', 'info', 'mini', '#389554', '2021-01-19 11:41:15', '1');
INSERT INTO `t_ariticle_tag` VALUES (3, 'C#', 'info', 'small', '#00FF7B', '2021-01-19 11:42:09', '1');
INSERT INTO `t_ariticle_tag` VALUES (4, 'Go', 'info', 'medium', '#FF0048', '2021-01-19 11:42:19', '1');
INSERT INTO `t_ariticle_tag` VALUES (5, 'C++', 'info', 'small', '#00A2FF', '2021-01-19 11:42:36', '1');
INSERT INTO `t_ariticle_tag` VALUES (6, 'C', 'info', 'medium', '#0D4362', '2021-01-19 11:43:12', '1');
INSERT INTO `t_ariticle_tag` VALUES (7, 'PHP', 'info', 'medium', '#467895', '2021-01-19 11:43:35', '1');
INSERT INTO `t_ariticle_tag` VALUES (8, '新闻', 'info', 'medium', '', '2021-01-23 10:36:04', '1');
INSERT INTO `t_ariticle_tag` VALUES (9, '游戏', 'info', 'medium', '#FF0000', '2021-01-23 10:36:22', '1');
INSERT INTO `t_ariticle_tag` VALUES (10, '面试', 'success', 'medium', '', '2021-01-25 06:45:44', '1');
INSERT INTO `t_ariticle_tag` VALUES (11, '头条', 'success', 'medium', '', '2021-01-25 06:46:56', '1');
INSERT INTO `t_ariticle_tag` VALUES (12, '军事', 'success', 'medium', '', '2021-01-25 07:47:18', '1');
INSERT INTO `t_ariticle_tag` VALUES (13, '新冠', 'success', 'small', '', '2021-01-25 07:47:33', '1');
INSERT INTO `t_ariticle_tag` VALUES (14, '社会', 'success', 'medium', '', '2021-01-25 07:52:53', '1');
INSERT INTO `t_ariticle_tag` VALUES (15, '感情', 'success', 'medium', '', '2021-01-25 07:53:07', '1');

-- ----------------------------
-- Table structure for t_ariticle_tag_relation
-- ----------------------------
DROP TABLE IF EXISTS `t_ariticle_tag_relation`;
CREATE TABLE `t_ariticle_tag_relation`  (
  `id` int(11) NOT NULL AUTO_INCREMENT,
  `ariticle_id` int(11) NULL DEFAULT NULL COMMENT '文章id',
  `tag_id` int(11) NULL DEFAULT NULL COMMENT '标签id',
  PRIMARY KEY (`id`) USING BTREE
) ENGINE = InnoDB AUTO_INCREMENT = 81 CHARACTER SET = utf8mb4 COLLATE = utf8mb4_general_ci COMMENT = '文章-标签关联表' ROW_FORMAT = Dynamic;

-- ----------------------------
-- Records of t_ariticle_tag_relation
-- ----------------------------
INSERT INTO `t_ariticle_tag_relation` VALUES (9, 5, 4);
INSERT INTO `t_ariticle_tag_relation` VALUES (10, 5, 3);
INSERT INTO `t_ariticle_tag_relation` VALUES (14, 7, 2);
INSERT INTO `t_ariticle_tag_relation` VALUES (15, 7, 3);
INSERT INTO `t_ariticle_tag_relation` VALUES (16, 7, 4);
INSERT INTO `t_ariticle_tag_relation` VALUES (17, 8, 2);
INSERT INTO `t_ariticle_tag_relation` VALUES (18, 8, 3);
INSERT INTO `t_ariticle_tag_relation` VALUES (22, 10, 2);
INSERT INTO `t_ariticle_tag_relation` VALUES (23, 10, 3);
INSERT INTO `t_ariticle_tag_relation` VALUES (24, 10, 4);
INSERT INTO `t_ariticle_tag_relation` VALUES (25, 11, 2);
INSERT INTO `t_ariticle_tag_relation` VALUES (26, 11, 3);
INSERT INTO `t_ariticle_tag_relation` VALUES (27, 11, 4);
INSERT INTO `t_ariticle_tag_relation` VALUES (28, 12, 2);
INSERT INTO `t_ariticle_tag_relation` VALUES (29, 12, 3);
INSERT INTO `t_ariticle_tag_relation` VALUES (30, 12, 4);
INSERT INTO `t_ariticle_tag_relation` VALUES (31, 13, 1);
INSERT INTO `t_ariticle_tag_relation` VALUES (32, 14, 2);
INSERT INTO `t_ariticle_tag_relation` VALUES (33, 14, 3);
INSERT INTO `t_ariticle_tag_relation` VALUES (34, 15, 8);
INSERT INTO `t_ariticle_tag_relation` VALUES (35, 16, 8);
INSERT INTO `t_ariticle_tag_relation` VALUES (36, 17, 8);
INSERT INTO `t_ariticle_tag_relation` VALUES (37, 18, 8);
INSERT INTO `t_ariticle_tag_relation` VALUES (38, 19, 8);
INSERT INTO `t_ariticle_tag_relation` VALUES (39, 20, 8);
INSERT INTO `t_ariticle_tag_relation` VALUES (40, 21, 8);
INSERT INTO `t_ariticle_tag_relation` VALUES (41, 22, 8);
INSERT INTO `t_ariticle_tag_relation` VALUES (42, 23, 8);
INSERT INTO `t_ariticle_tag_relation` VALUES (45, 26, 5);
INSERT INTO `t_ariticle_tag_relation` VALUES (46, 26, 2);
INSERT INTO `t_ariticle_tag_relation` VALUES (47, 27, 8);
INSERT INTO `t_ariticle_tag_relation` VALUES (48, 28, 5);
INSERT INTO `t_ariticle_tag_relation` VALUES (49, 28, 4);
INSERT INTO `t_ariticle_tag_relation` VALUES (50, 29, 3);
INSERT INTO `t_ariticle_tag_relation` VALUES (51, 29, 4);
INSERT INTO `t_ariticle_tag_relation` VALUES (52, 30, 2);
INSERT INTO `t_ariticle_tag_relation` VALUES (53, 30, 1);
INSERT INTO `t_ariticle_tag_relation` VALUES (54, 31, 2);
INSERT INTO `t_ariticle_tag_relation` VALUES (55, 31, 4);
INSERT INTO `t_ariticle_tag_relation` VALUES (56, 32, 8);
INSERT INTO `t_ariticle_tag_relation` VALUES (57, 32, 11);
INSERT INTO `t_ariticle_tag_relation` VALUES (58, 33, 11);
INSERT INTO `t_ariticle_tag_relation` VALUES (59, 33, 8);
INSERT INTO `t_ariticle_tag_relation` VALUES (60, 34, 8);
INSERT INTO `t_ariticle_tag_relation` VALUES (61, 34, 11);
INSERT INTO `t_ariticle_tag_relation` VALUES (62, 35, 8);
INSERT INTO `t_ariticle_tag_relation` VALUES (63, 35, 11);
INSERT INTO `t_ariticle_tag_relation` VALUES (64, 36, 8);
INSERT INTO `t_ariticle_tag_relation` VALUES (65, 36, 11);
INSERT INTO `t_ariticle_tag_relation` VALUES (66, 37, 8);
INSERT INTO `t_ariticle_tag_relation` VALUES (67, 37, 11);
INSERT INTO `t_ariticle_tag_relation` VALUES (68, 38, 8);
INSERT INTO `t_ariticle_tag_relation` VALUES (69, 38, 11);
INSERT INTO `t_ariticle_tag_relation` VALUES (70, 39, 11);
INSERT INTO `t_ariticle_tag_relation` VALUES (71, 40, 8);
INSERT INTO `t_ariticle_tag_relation` VALUES (72, 40, 11);
INSERT INTO `t_ariticle_tag_relation` VALUES (73, 41, 1);
INSERT INTO `t_ariticle_tag_relation` VALUES (74, 42, 1);
INSERT INTO `t_ariticle_tag_relation` VALUES (75, 43, 1);
INSERT INTO `t_ariticle_tag_relation` VALUES (76, 44, 1);
INSERT INTO `t_ariticle_tag_relation` VALUES (77, 45, 13);
INSERT INTO `t_ariticle_tag_relation` VALUES (78, 45, 14);
INSERT INTO `t_ariticle_tag_relation` VALUES (79, 45, 11);
INSERT INTO `t_ariticle_tag_relation` VALUES (80, 46, 1);

-- ----------------------------
-- Table structure for t_article_like
-- ----------------------------
DROP TABLE IF EXISTS `t_article_like`;
CREATE TABLE `t_article_like`  (
  `id` int(11) NOT NULL AUTO_INCREMENT,
  `liked_article_id` varchar(32) CHARACTER SET utf8mb4 COLLATE utf8mb4_general_ci NOT NULL COMMENT '被点赞的文章id',
  `liked_post_id` varchar(32) CHARACTER SET utf8mb4 COLLATE utf8mb4_general_ci NOT NULL COMMENT '点赞的用户id',
  `status` tinyint(1) NULL DEFAULT 1 COMMENT '点赞状态，0取消，1点赞',
  `create_time` timestamp(0) NOT NULL DEFAULT CURRENT_TIMESTAMP COMMENT '创建时间',
  `update_time` timestamp(0) NOT NULL DEFAULT CURRENT_TIMESTAMP ON UPDATE CURRENT_TIMESTAMP(0) COMMENT '修改时间',
  `is_article_comment` int(1) NULL DEFAULT NULL COMMENT '0->文章 1->评论',
  PRIMARY KEY (`id`) USING BTREE,
  INDEX `liked_article_id`(`liked_article_id`) USING BTREE,
  INDEX `liked_post_id`(`liked_post_id`) USING BTREE
) ENGINE = InnoDB AUTO_INCREMENT = 238 CHARACTER SET = utf8mb4 COLLATE = utf8mb4_general_ci COMMENT = '文章点赞表' ROW_FORMAT = Dynamic;

-- ----------------------------
-- Records of t_article_like
-- ----------------------------
INSERT INTO `t_article_like` VALUES (210, '43', '25', 1, '2021-01-25 10:23:13', '2021-01-25 10:23:13', 0);
INSERT INTO `t_article_like` VALUES (211, '5', '25', 1, '2021-01-25 10:23:13', '2021-01-25 10:23:13', 0);
INSERT INTO `t_article_like` VALUES (212, '22', '29', 1, '2021-01-25 10:23:13', '2021-01-25 10:23:13', 0);
INSERT INTO `t_article_like` VALUES (213, '28', '25', 1, '2021-01-25 10:23:13', '2021-01-25 10:23:13', 0);
INSERT INTO `t_article_like` VALUES (214, '7', '25', 1, '2021-01-25 10:23:13', '2021-01-25 10:23:13', 0);
INSERT INTO `t_article_like` VALUES (215, '46', '25', 1, '2021-01-25 10:23:13', '2021-01-25 10:23:13', 0);
INSERT INTO `t_article_like` VALUES (216, '41', '25', 1, '2021-01-25 10:23:13', '2021-01-25 10:23:13', 0);
INSERT INTO `t_article_like` VALUES (217, '5', '25', 1, '2021-01-25 10:23:13', '2021-01-25 10:23:13', 1);
INSERT INTO `t_article_like` VALUES (218, '43', '25', 1, '2021-01-25 10:23:13', '2021-01-25 10:23:13', 1);
INSERT INTO `t_article_like` VALUES (219, '22', '29', 1, '2021-01-25 10:23:13', '2021-01-25 10:23:13', 1);
INSERT INTO `t_article_like` VALUES (220, '46', '25', 1, '2021-01-25 10:23:13', '2021-01-25 10:23:13', 1);
INSERT INTO `t_article_like` VALUES (221, '28', '25', 1, '2021-01-25 10:23:13', '2021-01-25 10:23:13', 1);
INSERT INTO `t_article_like` VALUES (222, '7', '25', 1, '2021-01-25 10:23:13', '2021-01-25 10:23:13', 1);
INSERT INTO `t_article_like` VALUES (223, '41', '25', 1, '2021-01-25 10:23:13', '2021-01-25 10:23:13', 1);
INSERT INTO `t_article_like` VALUES (224, '47', '24', 1, '2021-01-25 10:27:14', '2021-01-25 10:27:14', 0);
INSERT INTO `t_article_like` VALUES (225, '42', '24', 1, '2021-01-25 10:27:14', '2021-01-25 11:08:44', 1);
INSERT INTO `t_article_like` VALUES (226, '42', '24', 1, '2021-01-25 10:33:50', '2021-01-25 10:33:50', 0);
INSERT INTO `t_article_like` VALUES (227, '47', '24', 1, '2021-01-25 10:34:32', '2021-01-25 10:34:32', 1);
INSERT INTO `t_article_like` VALUES (228, '48', '25', 1, '2021-01-25 10:45:18', '2021-01-25 10:45:18', 0);
INSERT INTO `t_article_like` VALUES (229, '48', '24', 1, '2021-01-25 10:46:56', '2021-01-25 11:11:28', 0);
INSERT INTO `t_article_like` VALUES (230, '49', '24', 1, '2021-01-25 11:08:43', '2021-01-25 11:08:43', 0);
INSERT INTO `t_article_like` VALUES (231, '48', '25', 1, '2021-01-25 11:11:29', '2021-01-25 11:11:29', 1);
INSERT INTO `t_article_like` VALUES (232, '48', '24', 1, '2021-01-25 11:11:29', '2021-01-25 11:11:29', 1);
INSERT INTO `t_article_like` VALUES (233, '49', '24', 1, '2021-01-25 11:11:29', '2021-01-25 11:11:29', 1);
INSERT INTO `t_article_like` VALUES (234, '41', '24', 1, '2021-01-25 11:11:29', '2021-01-25 11:11:29', 1);
INSERT INTO `t_article_like` VALUES (235, '41', '24', 1, '2021-01-25 11:15:57', '2021-01-25 11:15:57', 0);
INSERT INTO `t_article_like` VALUES (236, '42', '25', 1, '2021-01-25 20:42:21', '2021-01-25 20:42:21', 1);
INSERT INTO `t_article_like` VALUES (237, '42', '25', 1, '2021-01-25 20:53:51', '2021-01-25 20:53:51', 0);

-- ----------------------------
-- Table structure for t_code
-- ----------------------------
DROP TABLE IF EXISTS `t_code`;
CREATE TABLE `t_code`  (
  `id` int(11) NOT NULL AUTO_INCREMENT COMMENT 'id',
  `model` varchar(255) CHARACTER SET utf8mb4 COLLATE utf8mb4_general_ci NULL DEFAULT NULL COMMENT '模块code',
  `modulename` varchar(255) CHARACTER SET utf8mb4 COLLATE utf8mb4_general_ci NULL DEFAULT NULL COMMENT '模块名称',
  `labelcode` varchar(255) CHARACTER SET utf8mb4 COLLATE utf8mb4_general_ci NULL DEFAULT NULL COMMENT '分类code',
  `labelname` varchar(255) CHARACTER SET utf8mb4 COLLATE utf8mb4_general_ci NULL DEFAULT NULL COMMENT '分类名称',
  `code` varchar(255) CHARACTER SET utf8mb4 COLLATE utf8mb4_general_ci NULL DEFAULT NULL COMMENT '代码',
  `name` varchar(255) CHARACTER SET utf8mb4 COLLATE utf8mb4_general_ci NULL DEFAULT NULL COMMENT '名称',
  `remarks` varchar(255) CHARACTER SET utf8mb4 COLLATE utf8mb4_general_ci NULL DEFAULT NULL COMMENT '备注',
  PRIMARY KEY (`id`) USING BTREE
) ENGINE = InnoDB AUTO_INCREMENT = 2 CHARACTER SET = utf8mb4 COLLATE = utf8mb4_general_ci COMMENT = 't_code 代码表' ROW_FORMAT = Dynamic;

-- ----------------------------
-- Records of t_code
-- ----------------------------
INSERT INTO `t_code` VALUES (1, '01', 'home', '01', '顶部图', '0100101', 'home顶部轮播图', '模块代码');

-- ----------------------------
-- Table structure for t_file
-- ----------------------------
DROP TABLE IF EXISTS `t_file`;
CREATE TABLE `t_file`  (
  `ID` int(36) NOT NULL AUTO_INCREMENT,
  `OWN_CODE` varchar(255) CHARACTER SET utf8 COLLATE utf8_general_ci NULL DEFAULT NULL COMMENT '所属业务数据编码 ID或CODE',
  `ORG_NAME` varchar(255) CHARACTER SET utf8 COLLATE utf8_general_ci NULL DEFAULT NULL COMMENT '原始文件名',
  `FILE_NAME` varchar(255) CHARACTER SET utf8 COLLATE utf8_general_ci NULL DEFAULT NULL COMMENT '文件名（系统定义非重复文件名 一般为时间戳）',
  `FTP_PATH` varchar(2000) CHARACTER SET utf8 COLLATE utf8_general_ci NULL DEFAULT NULL COMMENT 'FTP路径',
  `CREATE_TIME` datetime(0) NULL DEFAULT NULL COMMENT '上传时间',
  `FILE_FORMAT` varchar(10) CHARACTER SET utf8 COLLATE utf8_general_ci NULL DEFAULT NULL COMMENT '文件格式（后缀名）',
  `FILE_DES` varchar(255) CHARACTER SET utf8 COLLATE utf8_general_ci NULL DEFAULT NULL COMMENT '文件描述',
  `FILE_TYPE` varchar(255) CHARACTER SET utf8 COLLATE utf8_general_ci NULL DEFAULT NULL COMMENT '文件类型（t_code代码）',
  `FILE_MD5` varchar(50) CHARACTER SET utf8 COLLATE utf8_general_ci NULL DEFAULT '' COMMENT '文件md5值',
  `FILE_SIZE` double(50, 0) NULL DEFAULT NULL COMMENT '文件大小 默认单位：MB',
  PRIMARY KEY (`ID`) USING BTREE
) ENGINE = InnoDB AUTO_INCREMENT = 42 CHARACTER SET = utf8mb4 COLLATE = utf8mb4_general_ci COMMENT = '文件表' ROW_FORMAT = Dynamic;

-- ----------------------------
-- Records of t_file
-- ----------------------------
INSERT INTO `t_file` VALUES (1, '关联id', 'Snipaste_2020-03-29_10-23-43.png', 'Snipaste_2020-03-29_10-23-43.png', '20210112/Snipaste_2020-03-29_10-23-43.png', '2021-01-12 07:23:52', 'image/png', '文件描述', '文件类型', 'Md5值', 51467);
INSERT INTO `t_file` VALUES (2, '关联id', 'Snipaste_2020-03-29_10-23-43.png', 'Snipaste_2020-03-29_10-23-43.png', '20210112/Snipaste_2020-03-29_10-23-43.png', '2021-01-12 07:24:42', 'image/png', '文件描述', '文件类型', 'Md5值', 51467);
INSERT INTO `t_file` VALUES (3, '关联id', '屏幕截图(2).png', '屏幕截图(2).png', '20210112/屏幕截图(2).png', '2021-01-12 08:37:06', 'image/png', '文件描述', '文件类型', 'Md5值', 131858);
INSERT INTO `t_file` VALUES (4, '关联id', '屏幕截图(1).png', '屏幕截图(1).png', '20210112/屏幕截图(1).png', '2021-01-12 08:57:51', 'image/png', '文件描述', '文件类型', 'Md5值', 132157);
INSERT INTO `t_file` VALUES (5, '关联id', '屏幕截图(2).png', '屏幕截图(2).png', '20210112/屏幕截图(2).png', '2021-01-12 08:57:57', 'image/png', '文件描述', '文件类型', 'Md5值', 131858);
INSERT INTO `t_file` VALUES (6, '关联id', '屏幕截图(1).png', '屏幕截图(1).png', '20210112/屏幕截图(1).png', '2021-01-12 09:19:25', 'image/png', '文件描述', '文件类型', 'Md5值', 132157);
INSERT INTO `t_file` VALUES (7, '关联id', '屏幕截图(2).png', '屏幕截图(2).png', '20210112/屏幕截图(2).png', '2021-01-12 09:19:29', 'image/png', '文件描述', '文件类型', 'Md5值', 131858);
INSERT INTO `t_file` VALUES (8, '关联id', 'Snipaste_2020-03-29_10-23-43.png', 'Snipaste_2020-03-29_10-23-43.png', '20210112/Snipaste_2020-03-29_10-23-43.png', '2021-01-12 09:19:49', 'image/png', '文件描述', '文件类型', 'Md5值', 51467);
INSERT INTO `t_file` VALUES (9, '关联id', 'Snipaste_2020-03-29_10-23-43.png', 'Snipaste_2020-03-29_10-23-43.png', '20210112/Snipaste_2020-03-29_10-23-43.png', '2021-01-12 10:03:22', 'image/png', '文件描述', '文件类型', 'Md5值', 51467);
INSERT INTO `t_file` VALUES (10, '关联id', 'Snipaste_2020-04-19_16-04-50.png', 'Snipaste_2020-04-19_16-04-50.png', '20210112/Snipaste_2020-04-19_16-04-50.png', '2021-01-12 10:03:26', 'image/png', '文件描述', '文件类型', 'Md5值', 13165);
INSERT INTO `t_file` VALUES (11, '关联id', 'Snipaste_2020-03-29_10-24-53.png', 'Snipaste_2020-03-29_10-24-53.png', '20210112/Snipaste_2020-03-29_10-24-53.png', '2021-01-12 10:03:29', 'image/png', '文件描述', '文件类型', 'Md5值', 7872);
INSERT INTO `t_file` VALUES (12, '关联id', '1.jpg', '1.jpg', '20210114/1.jpg', '2021-01-14 19:13:30', 'image/jpeg', '文件描述', '文件类型', 'Md5值', 116405);
INSERT INTO `t_file` VALUES (13, '关联id', '2.jpg', '2.jpg', '20210114/2.jpg', '2021-01-14 19:15:41', 'image/jpeg', '文件描述', 'image/jpeg', 'Md5值', 14909);
INSERT INTO `t_file` VALUES (14, '关联id', '2.jpg', '2.jpg', '20210114/2.jpg', '2021-01-14 19:22:20', 'image/jpeg', '文件描述', 'image/jpeg', 'Md5值', 14909);
INSERT INTO `t_file` VALUES (15, '关联id', '2.jpg', '2.jpg', '20210114/2.jpg', '2021-01-14 19:22:41', 'image/jpeg', '文件描述', 'image/jpeg', 'Md5值', 14909);
INSERT INTO `t_file` VALUES (16, '关联id', '1.jpg', '1.jpg', '20210114/1.jpg', '2021-01-14 19:26:30', 'image/jpeg', '文件描述', 'image/jpeg', 'Md5值', 116405);
INSERT INTO `t_file` VALUES (17, '关联id', '2.jpg', '2.jpg', '20210114/2.jpg', '2021-01-14 19:26:50', 'image/jpeg', '文件描述', 'image/jpeg', 'Md5值', 14909);
INSERT INTO `t_file` VALUES (18, '关联id', '2.jpg', '2.jpg', '20210114/2.jpg', '2021-01-14 19:28:57', 'image/jpeg', '文件描述', 'image/jpeg', 'Md5值', 14909);
INSERT INTO `t_file` VALUES (19, '关联id', '2.jpg', '2.jpg', '20210114/2.jpg', '2021-01-14 19:31:21', 'image/jpeg', '文件描述', 'image/jpeg', 'Md5值', 14909);
INSERT INTO `t_file` VALUES (20, '关联id', '1.jpg', '1.jpg', '20210114/1.jpg', '2021-01-14 19:34:57', 'image/jpeg', '文件描述', 'image/jpeg', 'Md5值', 116405);
INSERT INTO `t_file` VALUES (21, '关联id', '3.jpg', '3.jpg', '20210114/3.jpg', '2021-01-14 19:35:36', 'image/jpeg', '文件描述', 'image/jpeg', 'Md5值', 18823);
INSERT INTO `t_file` VALUES (22, '关联id', '1.jpg', '1.jpg', '20210114/1.jpg', '2021-01-14 19:40:19', 'image/jpeg', '文件描述', 'image/jpeg', 'Md5值', 116405);
INSERT INTO `t_file` VALUES (23, '关联id', '33.jpg', '33.jpg', '20210114/33.jpg', '2021-01-14 19:40:47', 'image/jpeg', '文件描述', 'image/jpeg', 'Md5值', 116405);
INSERT INTO `t_file` VALUES (24, '关联id', '33.jpg', '6d1317d1-2cd0-4861-bf09-5359ce1f8c18.', '20210114/33.jpg', '2021-01-14 19:46:53', 'image/jpeg', '文件描述', 'image/jpeg', 'Md5值', 116405);
INSERT INTO `t_file` VALUES (25, '关联id', '1.jpg', '64d99c0d-f113-419c-9f50-caf9bde6e847.jpg', '20210114/1.jpg', '2021-01-14 20:02:48', 'image/jpeg', '文件描述', 'image/jpeg', 'Md5值', 38974);
INSERT INTO `t_file` VALUES (26, '关联id', '3.jpg', '568540f8-8dee-494d-9089-8c80efca117d.jpg', '20210114/3.jpg', '2021-01-14 20:05:41', 'image/jpeg', '文件描述', 'image/jpeg', 'Md5值', 18823);
INSERT INTO `t_file` VALUES (27, '关联id', '1.jpg', 'b73076d2-0e46-4b9b-9d6a-f6fa1212fd89.jpg', '20210114/1.jpg', '2021-01-14 20:06:20', 'image/jpeg', '文件描述', 'image/jpeg', 'Md5值', 38974);
INSERT INTO `t_file` VALUES (28, '关联id', '1.jpg', '8c41f14e-e32d-4ac9-9507-0b21c317d151.jpg', '20210114/1.jpg', '2021-01-14 20:06:45', 'image/jpeg', '文件描述', 'image/jpeg', 'Md5值', 38974);
INSERT INTO `t_file` VALUES (29, '关联id', '1.jpg', '4d9927cb-87c7-4a65-af68-1a5f5eccccb5.jpg', '20210114/1.jpg', '2021-01-14 20:11:44', 'image/jpeg', '文件描述', 'image/jpeg', 'Md5值', 38974);
INSERT INTO `t_file` VALUES (30, '关联id', '1.jpg', '0a3de028-1af0-428e-ab80-ed9bf5944b61.jpg', '20210114/1.jpg', '2021-01-14 20:12:20', 'image/jpeg', '文件描述', 'image/jpeg', 'Md5值', 38974);
INSERT INTO `t_file` VALUES (31, '关联id', 'Snipaste_2020-03-29_10-23-43.png', 'b327ef81-246f-4492-b0dd-b215b28d70c4.png', '20210128/Snipaste_2020-03-29_10-23-43.png', '2021-01-28 11:09:19', 'image/png', '文件描述', 'image/png', 'Md5值', 51467);
INSERT INTO `t_file` VALUES (32, '关联id', 'Snipaste_2020-03-29_10-24-53.png', 'db05504e-0e21-4e97-bef3-3ce1aaf7cc8f.png', '20210128/Snipaste_2020-03-29_10-24-53.png', '2021-01-28 11:19:42', 'image/png', '文件描述', 'image/png', 'Md5值', 7872);
INSERT INTO `t_file` VALUES (33, '关联id', 'Snipaste_2020-03-29_10-24-53.png', '886199bf-144e-4f8a-8e4e-1c2f1e499f8d.png', '20210128/Snipaste_2020-03-29_10-24-53.png', '2021-01-28 11:20:22', 'image/png', '文件描述', 'image/png', 'Md5值', 7872);
INSERT INTO `t_file` VALUES (34, '关联id', 'Snipaste_2020-03-29_11-31-53.png', 'e2f1ec6f-fda5-48ce-839c-0b6df3e60f73.png', '20210128/Snipaste_2020-03-29_11-31-53.png', '2021-01-28 11:20:40', 'image/png', '文件描述', 'image/png', 'Md5值', 13669);
INSERT INTO `t_file` VALUES (35, '关联id', 'Snipaste_2020-03-29_10-23-43.png', 'b6229421-b68d-43e5-8cea-e00f3dcfa5e4.png', '20210128/Snipaste_2020-03-29_10-23-43.png', '2021-01-28 11:20:53', 'image/png', '文件描述', 'image/png', 'Md5值', 51467);
INSERT INTO `t_file` VALUES (36, '关联id', 'Snipaste_2020-03-29_10-24-53.png', '10d3e50b-dc74-4e2b-839f-9342d2053a93.png', '20210128/Snipaste_2020-03-29_10-24-53.png', '2021-01-28 11:22:06', 'image/png', '文件描述', 'image/png', 'Md5值', 7872);
INSERT INTO `t_file` VALUES (37, '关联id', 'Snipaste_2020-03-29_10-24-53.png', '00e7a1cf-3888-4a4d-86fb-0ff0b3786209.png', '20210128/Snipaste_2020-03-29_10-24-53.png', '2021-01-28 11:24:25', 'image/png', '文件描述', 'image/png', 'Md5值', 7872);
INSERT INTO `t_file` VALUES (38, '关联id', 'Snipaste_2020-03-29_10-23-43.png', 'b62bceb9-e06f-421a-ac59-4c809f9ef561.png', '20210128/Snipaste_2020-03-29_10-23-43.png', '2021-01-28 11:24:38', 'image/png', '文件描述', 'image/png', 'Md5值', 51467);
INSERT INTO `t_file` VALUES (39, '关联id', 'Snipaste_2020-03-29_10-24-53.png', '05e18f61-8caf-4ef3-8e02-862f505520db.png', '20210128/Snipaste_2020-03-29_10-24-53.png', '2021-01-28 11:25:07', 'image/png', '文件描述', 'image/png', 'Md5值', 7872);
INSERT INTO `t_file` VALUES (40, '关联id', 'Snipaste_2020-03-29_10-23-43.png', '04880209-da6f-4559-9359-122f5f196de0.png', '20210128/Snipaste_2020-03-29_10-23-43.png', '2021-01-28 12:02:31', 'image/png', '文件描述', 'image/png', 'Md5值', 51467);
INSERT INTO `t_file` VALUES (41, '关联id', 'Snipaste_2020-04-19_16-04-50.png', '95e119c7-e3f0-46ff-baa0-c58216416780.png', '20210128/Snipaste_2020-04-19_16-04-50.png', '2021-01-28 12:02:39', 'image/png', '文件描述', 'image/png', 'Md5值', 13165);

-- ----------------------------
-- Table structure for t_leaver_board
-- ----------------------------
DROP TABLE IF EXISTS `t_leaver_board`;
CREATE TABLE `t_leaver_board`  (
  `id` int(11) NOT NULL AUTO_INCREMENT,
  `userId` int(11) NULL DEFAULT NULL,
  `username` varchar(50) CHARACTER SET utf8mb4 COLLATE utf8mb4_general_ci NULL DEFAULT NULL,
  `content` varchar(255) CHARACTER SET utf8mb4 COLLATE utf8mb4_general_ci NULL DEFAULT NULL,
  `create_time` datetime(0) NULL DEFAULT NULL,
  `comment_level` tinyint(4) NULL DEFAULT NULL COMMENT '评论等级[ 1 一级评论 默认 ，other 父评论id]',
  `comment_user` varchar(255) CHARACTER SET utf8mb4 COLLATE utf8mb4_general_ci NULL DEFAULT NULL COMMENT '被评论人',
  `is_del` int(1) NULL DEFAULT 0 COMMENT '删除状态 0->未删除 1->已删除',
  PRIMARY KEY (`id`) USING BTREE
) ENGINE = InnoDB AUTO_INCREMENT = 19 CHARACTER SET = utf8mb4 COLLATE = utf8mb4_general_ci ROW_FORMAT = Dynamic;

-- ----------------------------
-- Records of t_leaver_board
-- ----------------------------
INSERT INTO `t_leaver_board` VALUES (2, 26, 'zx', '首先呢，这个作品感觉比较好，首页多样化，图形非常漂亮，不敢相信是一个人作的出来的，希望你以后继续努力，一定会成大器！！', '2021-01-23 16:39:52', 1, NULL, 0);
INSERT INTO `t_leaver_board` VALUES (3, 26, 'zx', '是真的吗？？？、、？', '2021-01-23 16:58:28', 1, NULL, 0);
INSERT INTO `t_leaver_board` VALUES (4, 26, 'zx', '哈哈哈哈哈哈哈哈奥奥奥奥奥奥奥奥奥奥奥奥奥奥', '2021-01-23 17:01:02', 1, NULL, 0);
INSERT INTO `t_leaver_board` VALUES (5, 26, 'zx', '哈哈哈哈哈哈哈哈奥奥奥奥奥奥奥奥奥奥奥奥奥奥', '2021-01-23 17:03:53', 1, NULL, 0);
INSERT INTO `t_leaver_board` VALUES (6, 26, 'zx', '首先呢，这个作品感觉比较好，首页多样化，图形非常漂亮，不敢相信是一个人作的出来的，希望你以后继续努力，一定会成大器！！', '2021-01-23 17:05:06', 1, NULL, 0);
INSERT INTO `t_leaver_board` VALUES (7, 24, 'zz', '希望越办越好，大吉大利，今晚吃鸡', '2021-01-23 19:20:32', 1, NULL, 0);
INSERT INTO `t_leaver_board` VALUES (8, 24, 'zz', '1221331232121332312', '2021-01-23 19:26:31', 1, NULL, 0);
INSERT INTO `t_leaver_board` VALUES (9, 24, 'zz', '是你吗，傻点。。。。。。。。。。。。。。。', '2021-01-23 19:30:25', 1, NULL, 0);
INSERT INTO `t_leaver_board` VALUES (10, 25, 'admin', '我是管理员，你已被踢出群聊', '2021-01-23 19:52:26', 9, 'zz', 0);
INSERT INTO `t_leaver_board` VALUES (12, 25, 'admin', 'xiexie', '2021-01-24 16:10:10', 7, 'zz', 0);
INSERT INTO `t_leaver_board` VALUES (13, 25, 'admin', 'meihi', '2021-01-24 16:14:10', 7, 'admin', 0);
INSERT INTO `t_leaver_board` VALUES (14, 27, '央视网新闻', '这个作品感觉比较好，首页多样化，图形非常漂亮，不敢相信是一个人作的出来的，希望你以后继续努力，一定会成大器！！', '2021-01-24 16:15:00', 1, NULL, 0);
INSERT INTO `t_leaver_board` VALUES (15, 27, '央视网新闻', 'thamk you', '2021-01-24 16:15:23', 14, '央视网新闻', 0);
INSERT INTO `t_leaver_board` VALUES (16, 27, '央视网新闻', '点赞，不错呦，期待你的发展！！！', '2021-01-24 21:20:09', 1, NULL, 0);
INSERT INTO `t_leaver_board` VALUES (17, 28, '新华社', '加油，嘻嘻嘻嘻嘻嘻嘻嘻寻寻寻寻寻寻寻寻寻寻', '2021-01-25 21:00:28', 1, NULL, 0);
INSERT INTO `t_leaver_board` VALUES (18, 28, '新华社', '点赞，不错呦，期待你的发展！！！', '2021-01-26 09:33:54', 1, NULL, 0);

-- ----------------------------
-- Table structure for t_log
-- ----------------------------
DROP TABLE IF EXISTS `t_log`;
CREATE TABLE `t_log`  (
  `id` int(11) NOT NULL AUTO_INCREMENT COMMENT 'id',
  `username` varchar(50) CHARACTER SET utf8mb4 COLLATE utf8mb4_general_ci NULL DEFAULT NULL COMMENT '用户名',
  `create_time` datetime(0) NULL DEFAULT CURRENT_TIMESTAMP COMMENT '操作时间',
  `content` varchar(255) CHARACTER SET utf8mb4 COLLATE utf8mb4_general_ci NULL DEFAULT NULL COMMENT '操作内容',
  `ip` varchar(20) CHARACTER SET utf8mb4 COLLATE utf8mb4_general_ci NULL DEFAULT NULL COMMENT 'Ip',
  `user_id` int(20) NULL DEFAULT NULL COMMENT 't_user 用户表id',
  `title` varchar(50) CHARACTER SET utf8mb4 COLLATE utf8mb4_general_ci NULL DEFAULT NULL,
  PRIMARY KEY (`id`) USING BTREE
) ENGINE = InnoDB AUTO_INCREMENT = 170 CHARACTER SET = utf8mb4 COLLATE = utf8mb4_general_ci COMMENT = '日志表' ROW_FORMAT = Dynamic;

-- ----------------------------
-- Records of t_log
-- ----------------------------
INSERT INTO `t_log` VALUES (1, 'admin', '2021-01-13 10:28:20', 'Wed Jan 13 10:28:19 CST 2021:admin登录', '127.0.0.1', 0, '登录');
INSERT INTO `t_log` VALUES (2, 'zx', '2021-01-13 10:39:09', '2021-01-13 10:39:09：zx登录', '127.0.0.1', 0, '登录');
INSERT INTO `t_log` VALUES (3, 'admin', '2021-01-13 10:43:49', '2021-01-13 10:43:48：admin登录', '127.0.0.1', 0, '登录');
INSERT INTO `t_log` VALUES (4, 'zx', '2021-01-13 10:52:51', '2021-01-13 10:52:51：zx登录', '127.0.0.1', 0, '登录');
INSERT INTO `t_log` VALUES (5, 'admin', '2021-01-13 10:53:08', '2021-01-13 10:53:08：admin登录', '127.0.0.1', 0, '登录');
INSERT INTO `t_log` VALUES (6, 'admin', '2021-01-13 10:55:49', '2021-01-13 10:55:48：admin登录', '127.0.0.1', 0, '登录');
INSERT INTO `t_log` VALUES (7, 'admin', '2021-01-13 10:56:17', '2021-01-13 10:56:16：admin登录', '127.0.0.1', 0, '登录');
INSERT INTO `t_log` VALUES (8, 'zx', '2021-01-13 11:18:13', '2021-01-13 11:18:12：zx登录', '127.0.0.1', 0, '登录');
INSERT INTO `t_log` VALUES (9, 'admin', '2021-01-13 11:18:26', '2021-01-13 11:18:25：admin登录', '127.0.0.1', 0, '登录');
INSERT INTO `t_log` VALUES (10, 'zx', '2021-01-13 11:24:14', '2021-01-13 11:24:13：zx登录', '127.0.0.1', 0, '登录');
INSERT INTO `t_log` VALUES (11, 'admin', '2021-01-13 11:34:05', '2021-01-13 11:34:05：admin登录', '127.0.0.1', 0, '登录');
INSERT INTO `t_log` VALUES (12, 'admin', '2021-01-14 09:33:44', '2021-01-14 09:33:43：admin登录', '127.0.0.1', 0, '登录');
INSERT INTO `t_log` VALUES (13, 'admin', '2021-01-14 16:48:51', '2021-01-14 16:48:51：admin登录', '127.0.0.1', 0, '登录');
INSERT INTO `t_log` VALUES (14, 'admin', '2021-01-15 09:54:34', '2021-01-15 09:54:34：admin登录', '127.0.0.1', 0, '登录');
INSERT INTO `t_log` VALUES (15, 'admin', '2021-01-15 09:57:35', '2021-01-15 09:57:35：admin登录', '127.0.0.1', 0, '登录');
INSERT INTO `t_log` VALUES (16, 'zx', '2021-01-15 10:05:13', '2021-01-15 10:05:12：zx登录', '127.0.0.1', 0, '登录');
INSERT INTO `t_log` VALUES (17, 'admin', '2021-01-15 10:07:58', '2021-01-15 10:07:58：admin登录', '127.0.0.1', 0, '登录');
INSERT INTO `t_log` VALUES (18, 'zx', '2021-01-15 11:01:26', '2021-01-15 11:01:25：zx登录', '127.0.0.1', 0, '登录');
INSERT INTO `t_log` VALUES (19, 'zx', '2021-01-15 11:01:26', '2021-01-15 11:01:25：zx登录', '127.0.0.1', 0, '登录');
INSERT INTO `t_log` VALUES (20, 'admin', '2021-01-15 20:04:39', '2021-01-15 20:04:38：admin登录', '127.0.0.1', 0, '登录');
INSERT INTO `t_log` VALUES (21, 'admin', '2021-01-16 18:33:01', '2021-01-16 18:33:00：admin登录', '127.0.0.1', 0, '登录');
INSERT INTO `t_log` VALUES (22, 'zx', '2021-01-16 19:26:35', '2021-01-16 19:26:34：zx登录', '127.0.0.1', 0, '登录');
INSERT INTO `t_log` VALUES (23, 'admin', '2021-01-16 21:27:02', '2021-01-16 21:27:02：admin登录', '127.0.0.1', 0, '登录');
INSERT INTO `t_log` VALUES (24, 'admin', '2021-01-16 21:28:08', '2021-01-16 21:28:08：admin登录', '127.0.0.1', 0, '登录');
INSERT INTO `t_log` VALUES (25, 'zx', '2021-01-16 21:29:09', '2021-01-16 21:29:09：zx登录', '127.0.0.1', 0, '登录');
INSERT INTO `t_log` VALUES (26, 'zz', '2021-01-17 09:10:26', '2021-01-17 09:10:26：zz登录', '127.0.0.1', 0, '登录');
INSERT INTO `t_log` VALUES (27, 'zz', '2021-01-17 10:46:33', '2021-01-17 10:46:33：zz登录', '127.0.0.1', 0, '登录');
INSERT INTO `t_log` VALUES (28, 'zz', '2021-01-17 11:04:00', '2021-01-17 11:03:59：zz登录', '127.0.0.1', 0, '登录');
INSERT INTO `t_log` VALUES (29, 'zz', '2021-01-17 11:08:14', '2021-01-17 11:08:13：zz登录', '127.0.0.1', 0, '登录');
INSERT INTO `t_log` VALUES (30, 'zz', '2021-01-17 11:10:00', '2021-01-17 11:09:59：zz登录', '127.0.0.1', 0, '登录');
INSERT INTO `t_log` VALUES (31, 'zz', '2021-01-17 11:28:49', '2021-01-17 11:28:48：zz登录', '0:0:0:0:0:0:0:1', 0, '登录');
INSERT INTO `t_log` VALUES (32, 'zz', '2021-01-17 11:32:18', '2021-01-17 11:32:18：zz登录', '127.0.0.1', 0, '登录');
INSERT INTO `t_log` VALUES (33, 'zz', '2021-01-17 11:37:40', '2021-01-17 11:37:39：zz登录', '127.0.0.1', 0, '登录');
INSERT INTO `t_log` VALUES (34, 'zz', '2021-01-17 11:40:34', '2021-01-17 11:40:33：zz登录', '127.0.0.1', 0, '登录');
INSERT INTO `t_log` VALUES (35, 'zz', '2021-01-17 11:41:06', '2021-01-17 11:41:05：zz登录', '127.0.0.1', 0, '登录');
INSERT INTO `t_log` VALUES (36, 'zz', '2021-01-17 14:12:20', '2021-01-17 14:12:20：zz登录', '127.0.0.1', 0, '登录');
INSERT INTO `t_log` VALUES (37, 'admin', '2021-01-17 14:20:39', '2021-01-17 14:20:38：admin登录', '127.0.0.1', 0, '登录');
INSERT INTO `t_log` VALUES (38, 'zz', '2021-01-17 14:21:14', '2021-01-17 14:21:14：zz登录', '127.0.0.1', 0, '登录');
INSERT INTO `t_log` VALUES (39, 'zx', '2021-01-17 14:22:50', '2021-01-17 14:22:50：zx登录', '127.0.0.1', 0, '登录');
INSERT INTO `t_log` VALUES (40, 'zz', '2021-01-17 14:23:03', '2021-01-17 14:23:03：zz登录', '127.0.0.1', 0, '登录');
INSERT INTO `t_log` VALUES (41, 'zx', '2021-01-17 14:23:42', '2021-01-17 14:23:41：zx登录', '127.0.0.1', 0, '登录');
INSERT INTO `t_log` VALUES (42, 'zx', '2021-01-17 14:23:56', '2021-01-17 14:23:56：zx登录', '127.0.0.1', 0, '登录');
INSERT INTO `t_log` VALUES (43, 'zz', '2021-01-17 14:24:07', '2021-01-17 14:24:06：zz登录', '127.0.0.1', 0, '登录');
INSERT INTO `t_log` VALUES (44, 'admin', '2021-01-17 20:36:06', '2021-01-17 20:36:05：admin登录', '127.0.0.1', 0, '登录');
INSERT INTO `t_log` VALUES (45, 'zx', '2021-01-18 10:43:14', '2021-01-18 10:43:13：zx登录', '127.0.0.1', 0, '登录');
INSERT INTO `t_log` VALUES (46, 'zz', '2021-01-18 10:43:35', '2021-01-18 10:43:34：zz登录', '127.0.0.1', 0, '登录');
INSERT INTO `t_log` VALUES (47, 'zz', '2021-01-18 16:59:49', '2021-01-18 16:59:49：zz登录', '127.0.0.1', 0, '登录');
INSERT INTO `t_log` VALUES (48, 'zz', '2021-01-18 20:47:58', '2021-01-18 20:47:58：zz登录', '127.0.0.1', 0, '登录');
INSERT INTO `t_log` VALUES (49, 'zz', '2021-01-18 21:56:20', '2021-01-18 21:56:19：zz登录', '127.0.0.1', 0, '登录');
INSERT INTO `t_log` VALUES (50, 'zz', '2021-01-19 07:26:28', '2021-01-19 07:26:28：zz登录', '127.0.0.1', 0, '登录');
INSERT INTO `t_log` VALUES (51, 'admin', '2021-01-19 09:37:44', '2021-01-19 09:37:44：admin登录', '127.0.0.1', 0, '登录');
INSERT INTO `t_log` VALUES (52, 'zz', '2021-01-19 10:40:22', '2021-01-19 10:40:21：zz登录', '127.0.0.1', 0, '登录');
INSERT INTO `t_log` VALUES (53, 'zz', '2021-01-19 20:26:07', '2021-01-19 20:26:07：zz登录', '127.0.0.1', 0, '登录');
INSERT INTO `t_log` VALUES (54, 'zx', '2021-01-19 21:02:42', '2021-01-19 21:02:41：zx登录', '127.0.0.1', 0, '登录');
INSERT INTO `t_log` VALUES (55, 'admin', '2021-01-19 21:29:02', '2021-01-19 21:29:01：admin登录', '127.0.0.1', 0, '登录');
INSERT INTO `t_log` VALUES (56, 'admin', '2021-01-19 21:30:04', '2021-01-19 21:30:03：admin登录', '127.0.0.1', 0, '登录');
INSERT INTO `t_log` VALUES (57, 'zz', '2021-01-20 08:07:40', '2021-01-20 08:07:40：zz登录', '127.0.0.1', 0, '登录');
INSERT INTO `t_log` VALUES (58, 'admin', '2021-01-20 11:14:36', '2021-01-20 11:14:35：admin登录', '127.0.0.1', 0, '登录');
INSERT INTO `t_log` VALUES (59, 'admin', '2021-01-20 11:54:06', '2021-01-20 11:54:05：admin登录', '127.0.0.1', 0, '登录');
INSERT INTO `t_log` VALUES (60, 'zz', '2021-01-20 14:37:04', '2021-01-20 14:37:03：zz登录', '127.0.0.1', 0, '登录');
INSERT INTO `t_log` VALUES (61, 'admin', '2021-01-20 16:59:34', '2021-01-20 16:59:34：admin登录', '127.0.0.1', 0, '登录');
INSERT INTO `t_log` VALUES (62, 'admin', '2021-01-20 17:07:27', '2021-01-20 17:07:26：admin登录', '127.0.0.1', 0, '登录');
INSERT INTO `t_log` VALUES (63, 'admin', '2021-01-20 17:08:14', '2021-01-20 17:08:13：admin登录', '127.0.0.1', 0, '登录');
INSERT INTO `t_log` VALUES (64, 'admin', '2021-01-20 17:13:06', '2021-01-20 17:13:05：admin登录', '127.0.0.1', 0, '登录');
INSERT INTO `t_log` VALUES (65, 'zz', '2021-01-20 19:33:36', '2021-01-20 19:33:36：zz登录', '127.0.0.1', 0, '登录');
INSERT INTO `t_log` VALUES (66, 'zz', '2021-01-20 19:33:37', '2021-01-20 19:33:36：zz登录', '127.0.0.1', 0, '登录');
INSERT INTO `t_log` VALUES (67, 'zz', '2021-01-22 13:31:11', '2021-01-22 13:31:11：zz登录', '127.0.0.1', 0, '登录');
INSERT INTO `t_log` VALUES (68, 'zz', '2021-01-22 13:32:06', '2021-01-22 13:32:06：zz登录', '127.0.0.1', 0, '登录');
INSERT INTO `t_log` VALUES (69, 'zz', '2021-01-22 13:32:17', '2021-01-22 13:32:17：zz登录', '127.0.0.1', 0, '登录');
INSERT INTO `t_log` VALUES (70, 'admin', '2021-01-22 14:37:34', '2021-01-22 14:37:34：admin登录', '127.0.0.1', 0, '登录');
INSERT INTO `t_log` VALUES (71, 'admin', '2021-01-22 15:05:38', '2021-01-22 15:05:37：admin登录', '127.0.0.1', 0, '登录');
INSERT INTO `t_log` VALUES (72, 'zz', '2021-01-22 17:11:22', '2021-01-22 17:11:21：zz登录', '127.0.0.1', 0, '登录');
INSERT INTO `t_log` VALUES (73, 'zz', '2021-01-22 17:11:29', '2021-01-22 17:11:29：zz登录', '127.0.0.1', 0, '登录');
INSERT INTO `t_log` VALUES (74, 'admin', '2021-01-22 18:41:06', '2021-01-22 18:41:06：admin登录', '127.0.0.1', 0, '登录');
INSERT INTO `t_log` VALUES (75, 'admin', '2021-01-22 19:29:32', '2021-01-22 19:29:31：admin登录', '127.0.0.1', 0, '登录');
INSERT INTO `t_log` VALUES (76, 'zz', '2021-01-23 08:25:06', '2021-01-23 08:25:06：zz登录', '127.0.0.1', 0, '登录');
INSERT INTO `t_log` VALUES (77, 'admin', '2021-01-23 10:28:00', '2021-01-23 10:28:00：admin登录', '127.0.0.1', 0, '登录');
INSERT INTO `t_log` VALUES (78, 'admin', '2021-01-23 10:31:37', '2021-01-23 10:31:36：admin登录', '127.0.0.1', 0, '登录');
INSERT INTO `t_log` VALUES (79, 'zx', '2021-01-23 15:09:56', '2021-01-23 15:09:55：zx登录', '127.0.0.1', 0, '登录');
INSERT INTO `t_log` VALUES (80, 'admin', '2021-01-23 19:52:00', '2021-01-23 19:51:59：admin登录', '127.0.0.1', 0, '登录');
INSERT INTO `t_log` VALUES (81, 'admin', '2021-01-24 08:08:37', '2021-01-24 08:08:36：admin登录', '127.0.0.1', 0, '登录');
INSERT INTO `t_log` VALUES (82, 'admin', '2021-01-24 10:33:25', '2021-01-24 10:33:24：admin登录', '127.0.0.1', 0, '登录');
INSERT INTO `t_log` VALUES (83, 'admin', '2021-01-24 10:38:34', '2021-01-24 10:38:33：admin登录', '127.0.0.1', 0, '登录');
INSERT INTO `t_log` VALUES (84, 'admin', '2021-01-24 10:39:17', '2021-01-24 10:39:17：admin登录', '127.0.0.1', 0, '登录');
INSERT INTO `t_log` VALUES (85, 'admin', '2021-01-24 10:41:17', '2021-01-24 10:41:16：admin登录', '127.0.0.1', 0, '登录');
INSERT INTO `t_log` VALUES (86, 'admin', '2021-01-24 10:42:20', '2021-01-24 10:42:20：admin登录', '127.0.0.1', 0, '登录');
INSERT INTO `t_log` VALUES (87, 'admin', '2021-01-24 10:44:26', '2021-01-24 10:44:25：admin登录', '127.0.0.1', 0, '登录');
INSERT INTO `t_log` VALUES (88, '央视网新闻', '2021-01-24 10:46:11', '2021-01-24 10:46:11：央视网新闻登录', '127.0.0.1', 0, '登录');
INSERT INTO `t_log` VALUES (89, '新华社', '2021-01-24 11:12:39', '2021-01-24 11:12:39：新华社登录', '127.0.0.1', 0, '登录');
INSERT INTO `t_log` VALUES (90, '环球网', '2021-01-24 11:14:52', '2021-01-24 11:14:51：环球网登录', '127.0.0.1', 0, '登录');
INSERT INTO `t_log` VALUES (91, 'admin', '2021-01-24 12:24:30', '2021-01-24 12:24:30：admin登录', '127.0.0.1', 0, '登录');
INSERT INTO `t_log` VALUES (92, '环球网', '2021-01-24 13:05:17', '2021-01-24 13:05:17：环球网登录', '127.0.0.1', 0, '登录');
INSERT INTO `t_log` VALUES (93, '央视网新闻', '2021-01-24 13:14:36', '2021-01-24 13:14:35：央视网新闻登录', '127.0.0.1', 0, '登录');
INSERT INTO `t_log` VALUES (94, 'admin', '2021-01-24 13:36:33', '2021-01-24 13:36:33：admin登录', '127.0.0.1', 0, '登录');
INSERT INTO `t_log` VALUES (95, 'zx', '2021-01-24 13:44:24', '2021-01-24 13:44:24：zx登录', '127.0.0.1', 0, '登录');
INSERT INTO `t_log` VALUES (96, 'zz', '2021-01-24 13:45:09', '2021-01-24 13:45:09：zz登录', '127.0.0.1', 0, '登录');
INSERT INTO `t_log` VALUES (97, 'admin', '2021-01-24 13:50:16', '2021-01-24 13:50:15：admin登录', '127.0.0.1', 0, '登录');
INSERT INTO `t_log` VALUES (98, 'admin', '2021-01-24 13:50:53', '2021-01-24 13:50:52：admin登录', '127.0.0.1', 0, '登录');
INSERT INTO `t_log` VALUES (99, 'admin', '2021-01-24 13:51:01', '2021-01-24 13:51:01：admin登录', '127.0.0.1', 0, '登录');
INSERT INTO `t_log` VALUES (100, 'admin', '2021-01-24 14:28:52', '2021-01-24 14:28:51：admin登录', '127.0.0.1', 0, '登录');
INSERT INTO `t_log` VALUES (101, '央视网新闻', '2021-01-24 16:14:45', '2021-01-24 16:14:45：央视网新闻登录', '127.0.0.1', 0, '登录');
INSERT INTO `t_log` VALUES (102, 'admin', '2021-01-24 16:15:57', '2021-01-24 16:15:56：admin登录', '127.0.0.1', 0, '登录');
INSERT INTO `t_log` VALUES (103, 'admin', '2021-01-24 18:56:42', '2021-01-24 18:56:41：admin登录', '127.0.0.1', 0, '登录');
INSERT INTO `t_log` VALUES (104, 'admin', '2021-01-24 19:56:24', '2021-01-24 19:56:23：admin登录', '127.0.0.1', 0, '登录');
INSERT INTO `t_log` VALUES (105, 'admin', '2021-01-24 19:56:40', '2021-01-24 19:56:40：admin登录', '127.0.0.1', 0, '登录');
INSERT INTO `t_log` VALUES (106, 'admin', '2021-01-24 19:57:16', '2021-01-24 19:57:16：admin登录', '127.0.0.1', 0, '登录');
INSERT INTO `t_log` VALUES (107, 'admin', '2021-01-24 20:36:37', '2021-01-24 20:36:37：admin登录', '127.0.0.1', 0, '登录');
INSERT INTO `t_log` VALUES (108, 'admin', '2021-01-24 20:44:17', '2021-01-24 20:44:16：admin登录', '127.0.0.1', 0, '登录');
INSERT INTO `t_log` VALUES (109, '央视网新闻', '2021-01-24 21:19:40', '2021-01-24 21:19:39：央视网新闻登录', '127.0.0.1', 0, '登录');
INSERT INTO `t_log` VALUES (110, 'admin', '2021-01-24 21:21:45', '2021-01-24 21:21:44：admin登录', '127.0.0.1', 0, '登录');
INSERT INTO `t_log` VALUES (111, 'admin', '2021-01-25 06:36:15', '2021-01-25 06:36:15：admin登录', '127.0.0.1', 0, '登录');
INSERT INTO `t_log` VALUES (112, 'admin', '2021-01-25 06:36:53', '2021-01-25 06:36:52：admin登录', '127.0.0.1', 0, '登录');
INSERT INTO `t_log` VALUES (113, 'admin', '2021-01-25 06:58:58', '2021-01-25 06:58:57：admin登录', '127.0.0.1', 0, '登录');
INSERT INTO `t_log` VALUES (114, 'admin', '2021-01-25 07:13:39', '2021-01-25 07:13:38：admin登录', '127.0.0.1', 0, '登录');
INSERT INTO `t_log` VALUES (115, 'admin', '2021-01-25 07:39:14', '修改密码,原密码：admin123新密码：admin', '127.0.0.1', NULL, '登录');
INSERT INTO `t_log` VALUES (116, 'admin', '2021-01-25 07:39:16', '2021-01-25 07:29:00：admin登录', '127.0.0.1', NULL, '登录');
INSERT INTO `t_log` VALUES (117, 'zz', '2021-01-25 07:34:27', '2021-01-25 07:34:27：zz登录', '127.0.0.1', NULL, '登录');
INSERT INTO `t_log` VALUES (118, 'zz', '2021-01-25 07:34:50', '修改密码,原密码：zz新密码：zzz', '127.0.0.1', NULL, '登录');
INSERT INTO `t_log` VALUES (119, 'zz', '2021-01-25 07:34:53', '2021-01-25 07:34:53：zz登录', '127.0.0.1', NULL, '登录');
INSERT INTO `t_log` VALUES (120, 'zz', '2021-01-25 07:35:05', '修改密码,原密码：zzz新密码：zz', '127.0.0.1', NULL, '登录');
INSERT INTO `t_log` VALUES (121, 'zz', '2021-01-25 07:35:08', '2021-01-25 07:35:08：zz登录', '127.0.0.1', NULL, '登录');
INSERT INTO `t_log` VALUES (122, '央视网新闻', '2021-01-25 07:41:32', '2021-01-25 07:41:32：央视网新闻登录', '127.0.0.1', NULL, '登录');
INSERT INTO `t_log` VALUES (123, '环球网', '2021-01-25 07:43:27', '2021-01-25 07:43:27：环球网登录', '127.0.0.1', NULL, '登录');
INSERT INTO `t_log` VALUES (124, 'admin', '2021-01-25 07:47:02', '2021-01-25 07:47:02：admin登录', '127.0.0.1', NULL, '登录');
INSERT INTO `t_log` VALUES (125, '新华社', '2021-01-25 07:47:47', '2021-01-25 07:47:47：新华社登录', '127.0.0.1', NULL, '登录');
INSERT INTO `t_log` VALUES (126, 'admin', '2021-01-25 07:52:11', '2021-01-25 07:52:11：admin登录', '127.0.0.1', NULL, '登录');
INSERT INTO `t_log` VALUES (127, 'admin', '2021-01-25 08:04:46', '2021-01-25 08:04:46：admin登录', '127.0.0.1', NULL, '登录');
INSERT INTO `t_log` VALUES (128, 'admin', '2021-01-25 08:09:42', '2021-01-25 08:09:42：admin登录', '127.0.0.1', NULL, '登录');
INSERT INTO `t_log` VALUES (129, 'zz', '2021-01-25 10:26:12', '2021-01-25 10:26:12：zz登录', '127.0.0.1', NULL, '登录');
INSERT INTO `t_log` VALUES (130, 'admin', '2021-01-25 10:36:45', '2021-01-25 10:36:45：admin登录', '127.0.0.1', NULL, '登录');
INSERT INTO `t_log` VALUES (131, 'zz', '2021-01-25 10:43:09', '2021-01-25 10:43:09：zz登录', '127.0.0.1', NULL, '登录');
INSERT INTO `t_log` VALUES (132, 'admin', '2021-01-25 11:44:43', '2021-01-25 11:44:43：admin登录', '127.0.0.1', NULL, '登录');
INSERT INTO `t_log` VALUES (133, 'admin', '2021-01-25 12:10:39', '2021-01-25 12:10:39：admin登录', '127.0.0.1', NULL, '登录');
INSERT INTO `t_log` VALUES (134, 'admin', '2021-01-25 14:52:13', '2021-01-25 14:52:13：admin登录', '127.0.0.1', NULL, '登录');
INSERT INTO `t_log` VALUES (135, 'admin', '2021-01-25 15:29:40', '2021-01-25 15:29:40：admin登录', '127.0.0.1', NULL, '登录');
INSERT INTO `t_log` VALUES (136, 'admin', '2021-01-25 19:36:29', '2021-01-25 19:36:29：admin登录', '127.0.0.1', NULL, '登录');
INSERT INTO `t_log` VALUES (137, 'zz', '2021-01-25 19:58:25', '2021-01-25 19:58:25：zz登录', '127.0.0.1', NULL, '登录');
INSERT INTO `t_log` VALUES (138, '新华社', '2021-01-25 21:00:04', '2021-01-25 21:00:04：新华社登录', '127.0.0.1', NULL, '登录');
INSERT INTO `t_log` VALUES (139, 'admin', '2021-01-25 21:00:44', '2021-01-25 21:00:44：admin登录', '127.0.0.1', NULL, '登录');
INSERT INTO `t_log` VALUES (140, 'admin', '2021-01-26 07:35:37', '2021-01-26 07:35:37：admin登录', '127.0.0.1', NULL, '登录');
INSERT INTO `t_log` VALUES (141, 'admin', '2021-01-26 09:04:57', '2021-01-26 09:04:57：admin登录', '127.0.0.1', NULL, '登录');
INSERT INTO `t_log` VALUES (142, 'admin', '2021-01-26 09:07:35', '2021-01-26 09:07:35：admin登录', '127.0.0.1', NULL, '登录');
INSERT INTO `t_log` VALUES (143, '央视网新闻', '2021-01-26 09:33:00', '2021-01-26 09:33:00：央视网新闻登录', '127.0.0.1', NULL, '登录');
INSERT INTO `t_log` VALUES (144, '新华社', '2021-01-26 09:33:41', '2021-01-26 09:33:41：新华社登录', '127.0.0.1', NULL, '登录');
INSERT INTO `t_log` VALUES (145, 'admin', '2021-01-26 09:44:55', '2021-01-26 09:44:55：admin登录', '127.0.0.1', NULL, '登录');
INSERT INTO `t_log` VALUES (146, 'admin', '2021-01-26 09:46:26', '2021-01-26 09:46:26：admin登录', '127.0.0.1', NULL, '登录');
INSERT INTO `t_log` VALUES (147, 'admin', '2021-01-26 09:46:59', '2021-01-26 09:46:59：admin登录', '127.0.0.1', NULL, '登录');
INSERT INTO `t_log` VALUES (148, 'admin', '2021-01-26 09:58:44', '2021-01-26 09:58:44：admin登录', '127.0.0.1', NULL, '登录');
INSERT INTO `t_log` VALUES (149, 'admin', '2021-01-26 10:22:47', '2021-01-26 10:22:47：admin登录', '127.0.0.1', NULL, '登录');
INSERT INTO `t_log` VALUES (150, 'admin', '2021-01-26 10:24:52', '2021-01-26 10:24:52：admin登录', '127.0.0.1', NULL, '登录');
INSERT INTO `t_log` VALUES (151, 'admin', '2021-01-26 11:41:53', '2021-01-26 11:41:53：admin登录', '127.0.0.1', NULL, '登录');
INSERT INTO `t_log` VALUES (152, 'admin', '2021-01-26 16:08:17', '2021-01-26 16:08:17：admin登录', '127.0.0.1', NULL, '登录');
INSERT INTO `t_log` VALUES (153, 'zx', '2021-01-26 19:31:25', '2021-01-26 19:31:25：zx登录', '127.0.0.1', NULL, '登录');
INSERT INTO `t_log` VALUES (154, '央视网新闻', '2021-01-27 12:42:49', '2021-01-27 12:42:49：央视网新闻登录', '127.0.0.1', NULL, '登录');
INSERT INTO `t_log` VALUES (155, 'admin', '2021-01-27 12:52:43', '2021-01-27 12:52:42：admin登录', '127.0.0.1', NULL, '登录');
INSERT INTO `t_log` VALUES (156, '新华社', '2021-01-27 14:06:58', '2021-01-27 14:06:58：新华社登录', '192.168.1.105', NULL, '登录');
INSERT INTO `t_log` VALUES (157, 'admin', '2021-01-27 15:56:04', '2021-01-27 15:56:04：admin登录', '127.0.0.1', NULL, '登录');
INSERT INTO `t_log` VALUES (158, 'admin', '2021-01-27 16:14:26', '2021-01-27 16:14:25：admin登录', '127.0.0.1', NULL, '登录');
INSERT INTO `t_log` VALUES (159, 'admin', '2021-01-27 16:57:57', '2021-01-27 16:57:57：admin登录', '192.168.1.104', NULL, '登录');
INSERT INTO `t_log` VALUES (160, '央视网新闻', '2021-01-27 17:15:21', '2021-01-27 17:15:21：央视网新闻登录', '192.168.1.104', NULL, '登录');
INSERT INTO `t_log` VALUES (161, '央视网新闻', '2021-01-27 18:31:35', '2021-01-27 18:31:35：央视网新闻登录', '192.168.1.104', NULL, '登录');
INSERT INTO `t_log` VALUES (162, 'zz', '2021-01-27 18:33:35', '2021-01-27 18:33:35：zz登录', '192.168.1.104', NULL, '登录');
INSERT INTO `t_log` VALUES (163, 'zz', '2021-01-27 18:35:29', '2021-01-27 18:35:29：zz登录', '192.168.1.104', NULL, '登录');
INSERT INTO `t_log` VALUES (164, 'zz', '2021-01-27 18:47:15', '2021-01-27 18:47:15：zz登录', '192.168.1.104', NULL, '登录');
INSERT INTO `t_log` VALUES (165, 'zz', '2021-01-27 18:47:51', '2021-01-27 18:47:51：zz登录', '127.0.0.1', NULL, '登录');
INSERT INTO `t_log` VALUES (166, 'zz', '2021-01-27 18:51:44', '2021-01-27 18:51:44：zz登录', '192.168.1.104', NULL, '登录');
INSERT INTO `t_log` VALUES (167, 'zz', '2021-01-27 19:02:01', '2021-01-27 19:02:01：zz登录', '192.168.1.104', NULL, '登录');
INSERT INTO `t_log` VALUES (168, 'admin', '2021-01-28 10:16:17', '2021-01-28 10:16:17：admin登录', '127.0.0.1', NULL, '登录');
INSERT INTO `t_log` VALUES (169, 'zz', '2021-01-28 12:13:54', '2021-01-28 12:13:54：zz登录', '127.0.0.1', NULL, '登录');

-- ----------------------------
-- Table structure for t_menu
-- ----------------------------
DROP TABLE IF EXISTS `t_menu`;
CREATE TABLE `t_menu`  (
  `mid` int(11) NOT NULL AUTO_INCREMENT COMMENT '菜单id',
  `mcode` varchar(15) CHARACTER SET utf8mb4 COLLATE utf8mb4_general_ci NULL DEFAULT NULL COMMENT '菜单编号',
  `navname` varchar(20) CHARACTER SET utf8mb4 COLLATE utf8mb4_general_ci NULL DEFAULT NULL COMMENT '菜单名称',
  `path` varchar(50) CHARACTER SET utf8mb4 COLLATE utf8mb4_general_ci NULL DEFAULT NULL COMMENT '路径',
  `hidden` tinyint(1) NULL DEFAULT NULL COMMENT '是否显示',
  `fatherNode` varchar(15) CHARACTER SET utf8mb4 COLLATE utf8mb4_general_ci NULL DEFAULT NULL COMMENT '父节点',
  `orders` varchar(15) CHARACTER SET utf8mb4 COLLATE utf8mb4_general_ci NULL DEFAULT NULL COMMENT '顺序',
  `remark` varchar(50) CHARACTER SET utf8mb4 COLLATE utf8mb4_general_ci NULL DEFAULT NULL COMMENT '备注',
  `icon` varchar(150) CHARACTER SET utf8mb4 COLLATE utf8mb4_general_ci NULL DEFAULT NULL COMMENT '标签',
  `component` varchar(150) CHARACTER SET utf8mb4 COLLATE utf8mb4_general_ci NULL DEFAULT NULL COMMENT '组件',
  PRIMARY KEY (`mid`) USING BTREE
) ENGINE = InnoDB AUTO_INCREMENT = 45 CHARACTER SET = utf8mb4 COLLATE = utf8mb4_general_ci COMMENT = '菜单表' ROW_FORMAT = Dynamic;

-- ----------------------------
-- Records of t_menu
-- ----------------------------
INSERT INTO `t_menu` VALUES (1, '11', '权限管理', '/permission/PerManager', 1, '1', '2', '用于设置权限内容，后期用于角色分配权限', 'el-icon-s-goods', 'PerManager');
INSERT INTO `t_menu` VALUES (21, '12', '角色管理', '/permission/roleManager', 1, '1', '1', '角色列表，可分配权限、菜单', 'el-icon-edit', 'RoleManager');
INSERT INTO `t_menu` VALUES (22, '13', '菜单管理', '/permission/menuManager', 1, '1', '3', '菜单列表，用于分配菜单，0为父节点', 'el-icon-phone', 'MenuManager');
INSERT INTO `t_menu` VALUES (23, '14', '用户管理', '/user/userManager', 1, '2', '1', '用户列表，可查看当前所有用户，分配角色', 'el-icon-setting', 'UserManager');
INSERT INTO `t_menu` VALUES (24, '1', '权限操作', '-', 1, '0', '1', '包含权限管理、角色管理、菜单管理', 'el-icon-location', '-');
INSERT INTO `t_menu` VALUES (25, '2', '用户操作', '1', 1, '0', '1', '包含用户管理、设置、个人中心', 'el-icon-user', '1');
INSERT INTO `t_menu` VALUES (27, '4', '数据统计', '1', 1, '0', '1', '-', 'el-icon-star-off', '1');
INSERT INTO `t_menu` VALUES (28, '15', '个人中心', '/user/personHub', 1, '2', '2', '记录个人一些时间计划', 'el-icon-s-platform', 'PersonHub');
INSERT INTO `t_menu` VALUES (30, '17', '登录日志', '/info/loginlog', 1, '4', '1', '记录用户登录次数时间', 'el-icon-s-cooperation', 'Loginlog');
INSERT INTO `t_menu` VALUES (31, '18', 'echarts图形库', '/info/echarts', 1, '4', '1', 'echarts图形库展示表格、地图', 'el-icon-finished', 'Echarts');
INSERT INTO `t_menu` VALUES (32, '19', '个人笔记', '/user/notes', 1, '2', '2', '记录笔记，常用技术', 'el-icon-edit-outline', 'Notes');
INSERT INTO `t_menu` VALUES (33, '20', '定时任务', '/user/timeTask', 1, '4', '3', '未完成。。。', 'el-icon-time', 'TimeTask');
INSERT INTO `t_menu` VALUES (34, '21', '文件上传', '/user/fileUpload', 1, '4', '3', '待编写', 'el-icon-cloudy', 'FileUpload');
INSERT INTO `t_menu` VALUES (36, '22', 'poi Excal 导出', '/user/poiExcel', 1, '4', '5', 'excal', 'el-icon-s-order', 'PoiExcel');
INSERT INTO `t_menu` VALUES (37, '3', '帮助中心', '/', 1, '0', '9', '帮助中心，系统升级日志、广告管理、轮播图管理', 'el-icon-s-claim', '');
INSERT INTO `t_menu` VALUES (38, '23', '系统升级日志', '/help/systemUpdateLog', 1, '3', '1', '系统升级日志', 'el-icon-sort-up', '');
INSERT INTO `t_menu` VALUES (39, '24', '主页顶部轮播图', '/help/homeTopView', 1, '3', '2', '主页顶部轮播图管理', 'el-icon-s-platform', '');
INSERT INTO `t_menu` VALUES (40, '5', '文章管理', '/', 1, '0', '6', '标签管理、评论管理、分类管理', 'el-icon-s-unfold', '');
INSERT INTO `t_menu` VALUES (41, '25', '标签管理', '/ariticle/label', 1, '5', '1', 'el-icon-remove', 'el-icon-remove', 'Label');
INSERT INTO `t_menu` VALUES (42, '26', '分类管理', '/ariticle/sort', 1, '5', '2', '分类', 'el-icon-circle-check', 'Sort');
INSERT INTO `t_menu` VALUES (43, '27', '评论管理', '/ariticle/comment', 1, '5', '5', '评论', 'el-icon-info', 'Comment');
INSERT INTO `t_menu` VALUES (44, '28', '首页右侧轮播广告', '/help/rightAd', 1, '3', '5', '首页右侧轮播广告', 'el-icon-arrow-right', 'RightAd');

-- ----------------------------
-- Table structure for t_permission
-- ----------------------------
DROP TABLE IF EXISTS `t_permission`;
CREATE TABLE `t_permission`  (
  `pid` bigint(20) NOT NULL AUTO_INCREMENT,
  `fid` bigint(20) NULL DEFAULT NULL COMMENT '父级权限id',
  `pname` varchar(100) CHARACTER SET utf8 COLLATE utf8_general_ci NULL DEFAULT NULL COMMENT '名称',
  `value` varchar(200) CHARACTER SET utf8 COLLATE utf8_general_ci NULL DEFAULT NULL COMMENT '权限值',
  `icon` varchar(500) CHARACTER SET utf8 COLLATE utf8_general_ci NULL DEFAULT NULL COMMENT '图标',
  `type` int(1) NULL DEFAULT NULL COMMENT '权限类型：0->目录；1->菜单；2->按钮（接口绑定权限）',
  `url` varchar(200) CHARACTER SET utf8 COLLATE utf8_general_ci NULL DEFAULT NULL COMMENT '前端资源路径',
  `status` int(1) NULL DEFAULT NULL COMMENT '启用状态；0->禁用；1->启用',
  `create_time` datetime(0) NULL DEFAULT NULL COMMENT '创建时间',
  `sort` int(11) NULL DEFAULT NULL COMMENT '排序',
  PRIMARY KEY (`pid`) USING BTREE
) ENGINE = InnoDB AUTO_INCREMENT = 8 CHARACTER SET = utf8 COLLATE = utf8_general_ci COMMENT = '后台用户权限表' ROW_FORMAT = Dynamic;

-- ----------------------------
-- Records of t_permission
-- ----------------------------
INSERT INTO `t_permission` VALUES (1, 0, '商品', NULL, NULL, 0, NULL, 1, '2018-09-29 16:15:14', 0);
INSERT INTO `t_permission` VALUES (2, 0, '角色管理', NULL, NULL, 1, NULL, 1, '2018-09-29 16:17:01', 0);
INSERT INTO `t_permission` VALUES (3, 2, '编辑角色权限', 'notes:role:update', NULL, 1, '/notes/role/editOneRole', 1, '2018-09-29 16:18:51', 0);
INSERT INTO `t_permission` VALUES (4, 2, '删除角色权限', 'notes:role:delete', NULL, 1, '/notes/role/delOneRole', 1, '2018-09-29 16:18:51', 0);
INSERT INTO `t_permission` VALUES (5, 2, '插入角色权限', 'notes:role:insertPer', NULL, 1, '/notes/role/insertRolePre', 1, '2018-09-29 16:18:51', 0);
INSERT INTO `t_permission` VALUES (6, 2, '插入角色菜单', 'notes:role:insertMenu', NULL, 1, '/notes/role/insertRoleMenu', 1, '2018-09-29 16:18:51', 0);
INSERT INTO `t_permission` VALUES (7, 2, '插入角色', 'notes:role:insert', NULL, 1, '/notes/role/insertOneRole', 1, '2018-09-29 16:18:51', 0);

-- ----------------------------
-- Table structure for t_person_notes
-- ----------------------------
DROP TABLE IF EXISTS `t_person_notes`;
CREATE TABLE `t_person_notes`  (
  `id` int(20) NOT NULL AUTO_INCREMENT COMMENT 'id',
  `title` varchar(50) CHARACTER SET utf8mb4 COLLATE utf8mb4_general_ci NULL DEFAULT NULL COMMENT '标题',
  `content` text CHARACTER SET utf8mb4 COLLATE utf8mb4_general_ci NOT NULL COMMENT '内容',
  `timestamp` datetime(0) NULL DEFAULT NULL COMMENT '记录时间',
  `size` varchar(20) CHARACTER SET utf8mb4 COLLATE utf8mb4_general_ci NULL DEFAULT NULL COMMENT '字体样式',
  `color` varchar(15) CHARACTER SET utf8mb4 COLLATE utf8mb4_general_ci NULL DEFAULT NULL COMMENT '颜色',
  `icon` varchar(50) CHARACTER SET utf8mb4 COLLATE utf8mb4_general_ci NULL DEFAULT NULL COMMENT '标签',
  `type` varchar(10) CHARACTER SET utf8mb4 COLLATE utf8mb4_general_ci NULL DEFAULT NULL,
  PRIMARY KEY (`id`) USING BTREE
) ENGINE = InnoDB AUTO_INCREMENT = 16 CHARACTER SET = utf8mb4 COLLATE = utf8mb4_general_ci COMMENT = '个人中心' ROW_FORMAT = Dynamic;

-- ----------------------------
-- Records of t_person_notes
-- ----------------------------
INSERT INTO `t_person_notes` VALUES (1, '1', '111', '2020-12-30 20:34:12', '1', '1', '\r\nel-icon-eleme', '1');
INSERT INTO `t_person_notes` VALUES (2, '标题', '内容', '2021-01-02 09:39:29', '13px Small', '', 'el-icon-eleme', 'primary');
INSERT INTO `t_person_notes` VALUES (3, '测试1', '内容', '2021-01-02 09:43:32', '16px Medium', '', 'el-icon-zoom-out', 'primary');
INSERT INTO `t_person_notes` VALUES (4, '1111', '1111111111111111111111111111111111111111', '2021-01-02 09:46:41', '14px Base', '#7D2020', 'el-icon-video-camera', 'PRIMARY');
INSERT INTO `t_person_notes` VALUES (5, '整理内容，提交码云', '提交了前后端代码，及一些框架搭建配置。', '2021-01-03 11:08:04', '13px Small', '#882222', 'el-icon-s-data', '');
INSERT INTO `t_person_notes` VALUES (6, '加入wangEditor富文本编辑器', '加入wangEditor富文本编辑器，添加父组件，直接引入import EditorBar from \'../components/wangEnduit\'，声明组件 components: { EditorBar },即可使用，具体查看notes.vue', '2021-01-03 14:19:16', '13px Small', '#9C2E2E', '', '');
INSERT INTO `t_person_notes` VALUES (7, '加入echarts', 'main.js 已添加var echarts = require(\'echarts\');  Vue.prototype.$echarts = echarts 引入组件，具体使用 let echarts = require(\'echarts/lib/echarts\')，初始化 this.$echarts.init(document.getElementById(\'main\'))使用即可', '2021-01-09 11:41:28', '12px Extra Small', '#992828', 'el-icon-s-data', '');
INSERT INTO `t_person_notes` VALUES (8, '测试', '<h1 id=\"0asnt\">测试上到几<i><font face=\"华文仿宋\">点时间决定讲究的是&nbsp; 撒<span style=\"background-color: rgb(139, 170, 74);\">大声</span>地&nbsp;</font></i></h1>', '2021-01-01 12:12:51', '13px Small', '#FF0000', '', '');
INSERT INTO `t_person_notes` VALUES (9, '11111', '<p>122121<img src=\"http://otp.cdinfotech.top/uploads/workspace/2021/1/9/52139f901ab04a5fa3c4bac8640876e7.png\" style=\"max-width:100%;\"><br></p>', '2021-01-01 00:00:00', '13px Small', '', '1', '');
INSERT INTO `t_person_notes` VALUES (10, '添加修改密码的功能', '<p>点击右上角用户名，可以修改密码，输入原密码，新密码即可。</p>', '2021-01-11 09:43:19', '13px Small', '#A22B2B', 'el-icon-s-goods', '');
INSERT INTO `t_person_notes` VALUES (11, '根据用户角色登录显示左侧菜单', '<p>根据用户角色登录显示左侧菜单</p>', '2021-01-11 17:23:42', '13px Small', '#E41010', ' el-icon-warning', '');
INSERT INTO `t_person_notes` VALUES (12, '增加登录日志', '<p>增加登录日志，记录ip、时间、登录人</p>', '2021-01-13 10:57:34', '12px Extra Small', '#CC1212', 'el-icon-date', '');
INSERT INTO `t_person_notes` VALUES (13, '后台增加了定时任务和redis', '<p>一、Spring&nbsp;<span style=\"text-align: initial;\">Scheduling定时任务</span></p><p><span style=\"text-align: initial;\">二、redis 定义redisConfig、redisUtil&nbsp;</span></p><p><span style=\"text-align: initial;\">三、完善了jwt和SpringSecurity的登录，修改 盐值密码为 SpringSecurity加密</span></p><p><span style=\"text-align: initial;\">passwordEncoder.encode()</span></p>', '2021-01-17 20:47:09', '12px Extra Small', '#B00707', 'el-icon-minus', '');
INSERT INTO `t_person_notes` VALUES (14, '重大更新', '<p>1、首页页面，文章无限滚动查看列表，热门文章、<span style=\"font-size: 1em; text-align: initial;\">留言板功能</span></p><p>2、<span style=\"font-size: 1em; text-align: initial;\">查看文章详情，点赞，评论功能</span></p><p>4、后台redis定时任务</p>', '2021-01-24 12:34:12', '12px Extra Small', '#FF0000', 'el-icon-message-solid', '');
INSERT INTO `t_person_notes` VALUES (15, '新增聊天室、mavon-editor - MD文档编辑器', '<p>新增聊天室、mavon-editor - MD文档编辑器</p>', '2021-01-28 10:25:39', '13px Small', '#A22F2F', '', '');

-- ----------------------------
-- Table structure for t_quartz
-- ----------------------------
DROP TABLE IF EXISTS `t_quartz`;
CREATE TABLE `t_quartz`  (
  `id` int(11) NOT NULL AUTO_INCREMENT COMMENT 'id',
  `create_user` varchar(50) CHARACTER SET utf8mb4 COLLATE utf8mb4_general_ci NULL DEFAULT NULL,
  `create_time` datetime(0) NULL DEFAULT NULL,
  `update_user` varchar(50) CHARACTER SET utf8mb4 COLLATE utf8mb4_general_ci NULL DEFAULT NULL,
  `update_time` datetime(0) NULL DEFAULT NULL,
  `job_name` varchar(50) CHARACTER SET utf8mb4 COLLATE utf8mb4_general_ci NULL DEFAULT NULL COMMENT '定时任务名称',
  `cron` varchar(50) CHARACTER SET utf8mb4 COLLATE utf8mb4_general_ci NULL DEFAULT NULL COMMENT '表达式',
  `status` tinyint(4) NULL DEFAULT NULL COMMENT '状态 0->关闭 1->开启',
  `clazz_path` varchar(50) CHARACTER SET utf8mb4 COLLATE utf8mb4_general_ci NULL DEFAULT NULL COMMENT '定时任务类',
  `job_desc` varchar(50) CHARACTER SET utf8mb4 COLLATE utf8mb4_general_ci NULL DEFAULT NULL COMMENT '描述',
  PRIMARY KEY (`id`) USING BTREE
) ENGINE = InnoDB AUTO_INCREMENT = 3 CHARACTER SET = utf8mb4 COLLATE = utf8mb4_general_ci COMMENT = '定时任务' ROW_FORMAT = Dynamic;

-- ----------------------------
-- Records of t_quartz
-- ----------------------------
INSERT INTO `t_quartz` VALUES (1, NULL, '2021-01-18 21:15:52', NULL, NULL, '12112', '2121', 1, '2', '121');
INSERT INTO `t_quartz` VALUES (2, '2', '2021-01-27 21:15:57', NULL, NULL, '212121', '21212121', 0, '212121', '1222');

-- ----------------------------
-- Table structure for t_role
-- ----------------------------
DROP TABLE IF EXISTS `t_role`;
CREATE TABLE `t_role`  (
  `roleId` int(11) NOT NULL AUTO_INCREMENT,
  `roleCode` varchar(20) CHARACTER SET utf8mb4 COLLATE utf8mb4_general_ci NULL DEFAULT NULL COMMENT '角色编号',
  `rname` varchar(20) CHARACTER SET utf8mb4 COLLATE utf8mb4_general_ci NULL DEFAULT NULL COMMENT '角色名称',
  `createtime` datetime(0) NULL DEFAULT NULL COMMENT '创建时间',
  `updatetime` datetime(0) NULL DEFAULT NULL COMMENT '修改时间',
  `remark` varchar(50) CHARACTER SET utf8mb4 COLLATE utf8mb4_general_ci NULL DEFAULT NULL COMMENT '备注',
  PRIMARY KEY (`roleId`) USING BTREE
) ENGINE = InnoDB AUTO_INCREMENT = 8 CHARACTER SET = utf8mb4 COLLATE = utf8mb4_general_ci COMMENT = '角色表' ROW_FORMAT = Dynamic;

-- ----------------------------
-- Records of t_role
-- ----------------------------
INSERT INTO `t_role` VALUES (1, '01', '管理员', '2020-12-22 21:51:09', '2020-12-26 21:14:25', '管理员');
INSERT INTO `t_role` VALUES (7, '02', '普通', '2021-01-11 16:52:03', NULL, '普通');

-- ----------------------------
-- Table structure for t_role_menu
-- ----------------------------
DROP TABLE IF EXISTS `t_role_menu`;
CREATE TABLE `t_role_menu`  (
  `id` int(11) NOT NULL AUTO_INCREMENT COMMENT 'id',
  `role_id` int(11) NOT NULL,
  `menu_id` int(11) NOT NULL,
  PRIMARY KEY (`id`) USING BTREE
) ENGINE = InnoDB AUTO_INCREMENT = 184 CHARACTER SET = utf8mb4 COLLATE = utf8mb4_general_ci COMMENT = '权限菜单表' ROW_FORMAT = Dynamic;

-- ----------------------------
-- Records of t_role_menu
-- ----------------------------
INSERT INTO `t_role_menu` VALUES (43, 4, 28);
INSERT INTO `t_role_menu` VALUES (44, 4, 32);
INSERT INTO `t_role_menu` VALUES (45, 4, 27);
INSERT INTO `t_role_menu` VALUES (46, 4, 30);
INSERT INTO `t_role_menu` VALUES (47, 4, 31);
INSERT INTO `t_role_menu` VALUES (48, 4, 33);
INSERT INTO `t_role_menu` VALUES (49, 4, 34);
INSERT INTO `t_role_menu` VALUES (50, 4, 36);
INSERT INTO `t_role_menu` VALUES (51, 4, 25);
INSERT INTO `t_role_menu` VALUES (93, 7, 28);
INSERT INTO `t_role_menu` VALUES (94, 7, 32);
INSERT INTO `t_role_menu` VALUES (95, 7, 31);
INSERT INTO `t_role_menu` VALUES (96, 7, 33);
INSERT INTO `t_role_menu` VALUES (97, 7, 34);
INSERT INTO `t_role_menu` VALUES (98, 7, 36);
INSERT INTO `t_role_menu` VALUES (99, 7, 38);
INSERT INTO `t_role_menu` VALUES (100, 7, 25);
INSERT INTO `t_role_menu` VALUES (101, 7, 27);
INSERT INTO `t_role_menu` VALUES (102, 7, 37);
INSERT INTO `t_role_menu` VALUES (162, 1, 24);
INSERT INTO `t_role_menu` VALUES (163, 1, 21);
INSERT INTO `t_role_menu` VALUES (164, 1, 1);
INSERT INTO `t_role_menu` VALUES (165, 1, 22);
INSERT INTO `t_role_menu` VALUES (166, 1, 25);
INSERT INTO `t_role_menu` VALUES (167, 1, 23);
INSERT INTO `t_role_menu` VALUES (168, 1, 28);
INSERT INTO `t_role_menu` VALUES (169, 1, 32);
INSERT INTO `t_role_menu` VALUES (170, 1, 27);
INSERT INTO `t_role_menu` VALUES (171, 1, 30);
INSERT INTO `t_role_menu` VALUES (172, 1, 31);
INSERT INTO `t_role_menu` VALUES (173, 1, 33);
INSERT INTO `t_role_menu` VALUES (174, 1, 34);
INSERT INTO `t_role_menu` VALUES (175, 1, 36);
INSERT INTO `t_role_menu` VALUES (176, 1, 40);
INSERT INTO `t_role_menu` VALUES (177, 1, 41);
INSERT INTO `t_role_menu` VALUES (178, 1, 42);
INSERT INTO `t_role_menu` VALUES (179, 1, 43);
INSERT INTO `t_role_menu` VALUES (180, 1, 37);
INSERT INTO `t_role_menu` VALUES (181, 1, 38);
INSERT INTO `t_role_menu` VALUES (182, 1, 39);
INSERT INTO `t_role_menu` VALUES (183, 1, 44);

-- ----------------------------
-- Table structure for t_role_permission
-- ----------------------------
DROP TABLE IF EXISTS `t_role_permission`;
CREATE TABLE `t_role_permission`  (
  `id` int(11) NOT NULL AUTO_INCREMENT COMMENT 'id',
  `role_id` int(11) NOT NULL COMMENT '角色id',
  `permission_id` int(20) NOT NULL COMMENT '权限id',
  PRIMARY KEY (`id`) USING BTREE
) ENGINE = InnoDB AUTO_INCREMENT = 12 CHARACTER SET = utf8mb4 COLLATE = utf8mb4_general_ci COMMENT = '角色权限表' ROW_FORMAT = Dynamic;

-- ----------------------------
-- Records of t_role_permission
-- ----------------------------
INSERT INTO `t_role_permission` VALUES (7, 1, 3);
INSERT INTO `t_role_permission` VALUES (8, 1, 4);
INSERT INTO `t_role_permission` VALUES (9, 1, 5);
INSERT INTO `t_role_permission` VALUES (10, 1, 6);
INSERT INTO `t_role_permission` VALUES (11, 1, 7);

-- ----------------------------
-- Table structure for t_user
-- ----------------------------
DROP TABLE IF EXISTS `t_user`;
CREATE TABLE `t_user`  (
  `user_id` int(20) NOT NULL AUTO_INCREMENT,
  `username` varchar(50) CHARACTER SET utf8mb4 COLLATE utf8mb4_general_ci NOT NULL COMMENT '用户名',
  `password` varchar(100) CHARACTER SET utf8mb4 COLLATE utf8mb4_general_ci NULL DEFAULT NULL COMMENT '密码',
  `salt` varchar(36) CHARACTER SET utf8mb4 COLLATE utf8mb4_general_ci NULL DEFAULT NULL COMMENT '盐',
  `email` varchar(100) CHARACTER SET utf8mb4 COLLATE utf8mb4_general_ci NULL DEFAULT NULL COMMENT '邮箱',
  `mobile` varchar(100) CHARACTER SET utf8mb4 COLLATE utf8mb4_general_ci NULL DEFAULT NULL COMMENT '手机号',
  `status` tinyint(4) NULL DEFAULT NULL COMMENT '状态  0：禁用   1：正常',
  `create_user_id` bigint(20) NULL DEFAULT NULL COMMENT '创建者ID',
  `create_time` datetime(0) NULL DEFAULT NULL COMMENT '创建时间',
  `age` int(20) NULL DEFAULT NULL COMMENT '年龄',
  `gender` tinyint(4) NULL DEFAULT NULL COMMENT '性别',
  PRIMARY KEY (`user_id`) USING BTREE,
  UNIQUE INDEX `username`(`username`) USING BTREE
) ENGINE = InnoDB AUTO_INCREMENT = 30 CHARACTER SET = utf8mb4 COLLATE = utf8mb4_general_ci COMMENT = '系统用户' ROW_FORMAT = Dynamic;

-- ----------------------------
-- Records of t_user
-- ----------------------------
INSERT INTO `t_user` VALUES (24, 'zz', '$2a$10$4zMNGdUjDgwLiQgRYnqYvu2jXX5wtwF3ky0xgS4Gt1goeb5nWCqAu', NULL, NULL, NULL, 1, NULL, '2021-01-17 09:10:22', 24, 1);
INSERT INTO `t_user` VALUES (25, 'admin', '$2a$10$PQfMRoESFpCtSGp4pl2v2eSvwxqudiEN0QVV418COBsJtk6imY6aa', NULL, NULL, NULL, 1, NULL, '2021-01-17 14:20:31', 27, 1);
INSERT INTO `t_user` VALUES (26, 'zx', '$2a$10$Uik/Ft3codBbjw7LAhqoFOO.zopCW.BXUcbV.ChQXTHy.fKj0ndDS', NULL, NULL, NULL, 1, NULL, '2021-01-17 14:22:46', 24, 1);
INSERT INTO `t_user` VALUES (27, '央视网新闻', '$2a$10$OFv8fJlIR2UKckOWQV9ICuTMdpcaqtk9B5cnrVMd.7LCiqlQNfc02', NULL, NULL, NULL, 1, NULL, '2021-01-24 10:46:05', 25, 1);
INSERT INTO `t_user` VALUES (28, '新华社', '$2a$10$.7RaluLvCPGeJaCEj2NQveOhOVpJ0CEUPMfXEuoFmDM41eoMyjIKi', NULL, NULL, NULL, 1, NULL, '2021-01-24 11:12:33', 345, 1);
INSERT INTO `t_user` VALUES (29, '环球网', '$2a$10$o5VeLL9lfdUroeEdV8g2KeuV8IzedRH5xse26TVhGBUClWUyZ1YHe', NULL, NULL, NULL, 1, NULL, '2021-01-24 11:14:43', 23, 1);

-- ----------------------------
-- Table structure for t_user_role
-- ----------------------------
DROP TABLE IF EXISTS `t_user_role`;
CREATE TABLE `t_user_role`  (
  `id` int(20) NOT NULL AUTO_INCREMENT COMMENT 'id',
  `role_id` int(11) NOT NULL COMMENT '角色id',
  `user_id` int(20) NOT NULL COMMENT '用户id',
  PRIMARY KEY (`id`) USING BTREE
) ENGINE = InnoDB AUTO_INCREMENT = 23 CHARACTER SET = utf8mb4 COLLATE = utf8mb4_general_ci COMMENT = '用户角色表' ROW_FORMAT = Dynamic;

-- ----------------------------
-- Records of t_user_role
-- ----------------------------
INSERT INTO `t_user_role` VALUES (14, 1, 24);
INSERT INTO `t_user_role` VALUES (18, 1, 25);
INSERT INTO `t_user_role` VALUES (19, 7, 26);
INSERT INTO `t_user_role` VALUES (20, 7, 27);
INSERT INTO `t_user_role` VALUES (21, 7, 28);
INSERT INTO `t_user_role` VALUES (22, 7, 29);

SET FOREIGN_KEY_CHECKS = 1;
